role,company,location,time,link,Domain,scraped,Experience
Data Analyst - Planning,Myntra,"Bengaluru, Karnataka, India",23 hours ago,https://in.linkedin.com/jobs/view/data-analyst-planning-at-myntra-3363931224?refId=7wjZ3nrh4SaZyra7yrve1g%3D%3D&trackingId=i0itgCNpK39uc9TdQAaQPQ%3D%3D&position=1&pageNum=0&trk=public_jobs_jserp-result_search-card,DA,23-11-2022_10:39:47,"1-4 years of professional experience , 3-4 Years of professional experience"
Data Analyst,Tata Electronics Pvt. Ltd.,"Krishnagiri, Tamil Nadu, India",19 hours ago,https://in.linkedin.com/jobs/view/data-analyst-at-tata-electronics-pvt-ltd-3366702807?refId=7wjZ3nrh4SaZyra7yrve1g%3D%3D&trackingId=GlDGU%2Fe6GYZJNhWYiFWZtw%3D%3D&position=2&pageNum=0&trk=public_jobs_jserp-result_search-card,DA,23-11-2022_10:39:47,
Data Analyst,Avalara,"Pune, Maharashtra, India",18 hours ago,https://in.linkedin.com/jobs/view/data-analyst-at-avalara-3363959853?refId=7wjZ3nrh4SaZyra7yrve1g%3D%3D&trackingId=CQGo4udfELR%2FGTc0QkoLCQ%3D%3D&position=3&pageNum=0&trk=public_jobs_jserp-result_search-card,DA,23-11-2022_10:39:47,"2-6 years of experience , 2+ years of experience"
Data Analyst,Mettl,"Gurugram, Haryana, India",16 minutes ago,https://in.linkedin.com/jobs/view/data-analyst-at-mettl-3365437234?refId=7wjZ3nrh4SaZyra7yrve1g%3D%3D&trackingId=vw6Y8fWw9yR8FD2yzMHgzA%3D%3D&position=4&pageNum=0&trk=public_jobs_jserp-result_search-card,DA,23-11-2022_10:39:47,Experience 0-2 Years
Data Analyst,The Good Glamm Group,"Mumbai, Maharashtra, India",19 hours ago,https://in.linkedin.com/jobs/view/data-analyst-at-the-good-glamm-group-3370288737?refId=7wjZ3nrh4SaZyra7yrve1g%3D%3D&trackingId=JLflsijB4esQeM9bv6wVBQ%3D%3D&position=5&pageNum=0&trk=public_jobs_jserp-result_search-card,DA,23-11-2022_10:39:47,
Data Analyst,Boston Institute of Analytics,"Bengaluru, Karnataka, India",57 minutes ago,https://in.linkedin.com/jobs/view/data-analyst-at-boston-institute-of-analytics-3365407782?refId=7wjZ3nrh4SaZyra7yrve1g%3D%3D&trackingId=AsvLK6tRE%2BVRJQ8BXHgaUQ%3D%3D&position=6&pageNum=0&trk=public_jobs_jserp-result_search-card,DA,23-11-2022_10:39:47,
Data Analyst,Tata Consultancy Services,"Bengaluru, Karnataka, India",14 hours ago,https://in.linkedin.com/jobs/view/data-analyst-at-tata-consultancy-services-3364402271?refId=7wjZ3nrh4SaZyra7yrve1g%3D%3D&trackingId=q05NvFptKlaxQli6YWH%2F3g%3D%3D&position=7&pageNum=0&trk=public_jobs_jserp-result_search-card,DA,23-11-2022_10:39:47,Experience Range 3-7Yrs
"Analyst, Analytics",Mondelēz International,"Mumbai, Maharashtra, India",15 hours ago,https://in.linkedin.com/jobs/view/analyst-analytics-at-mondel%C4%93z-international-3366764725?refId=7wjZ3nrh4SaZyra7yrve1g%3D%3D&trackingId=f6xAuyZIa12NV%2FOoUYQ7Lw%3D%3D&position=8&pageNum=0&trk=public_jobs_jserp-result_search-card,DA,23-11-2022_10:39:47,
Master Data Analyst,Genpact,"Bengaluru, Karnataka, India",12 hours ago,https://in.linkedin.com/jobs/view/master-data-analyst-at-genpact-3367006056?refId=7wjZ3nrh4SaZyra7yrve1g%3D%3D&trackingId=0mlmGN7n42DTekxwXpNVyQ%3D%3D&position=9&pageNum=0&trk=public_jobs_jserp-result_search-card,DA,23-11-2022_10:39:47,
Data Analyst,Target,"Bengaluru, Karnataka, India",17 hours ago,https://in.linkedin.com/jobs/view/data-analyst-at-target-3370730094?refId=7wjZ3nrh4SaZyra7yrve1g%3D%3D&trackingId=JbaoAGbn%2B79GnYJx4EEK9w%3D%3D&position=10&pageNum=0&trk=public_jobs_jserp-result_search-card,DA,23-11-2022_10:39:47,
Data Analyst,Applicantz,"Bangalore Urban, Karnataka, India",21 hours ago,https://in.linkedin.com/jobs/view/data-analyst-at-applicantz-3370235750?refId=7wjZ3nrh4SaZyra7yrve1g%3D%3D&trackingId=rCG%2BKRs3VVwNVZzsT5wwvA%3D%3D&position=11&pageNum=0&trk=public_jobs_jserp-result_search-card,DA,23-11-2022_10:39:47,
Data Analyst - Insights,Events by L,"Bengaluru, Karnataka, India",12 hours ago,https://in.linkedin.com/jobs/view/data-analyst-insights-at-events-by-l-3367006363?refId=7wjZ3nrh4SaZyra7yrve1g%3D%3D&trackingId=9MCKT7pL7Hp%2FVC5ASgeleA%3D%3D&position=12&pageNum=0&trk=public_jobs_jserp-result_search-card,DA,23-11-2022_10:39:47,3+ years of experience
Data Analyst (Real-Word Data),Labcorp,"Bengaluru, Karnataka, India",12 hours ago,https://in.linkedin.com/jobs/view/data-analyst-real-word-data-at-labcorp-3370924770?refId=7wjZ3nrh4SaZyra7yrve1g%3D%3D&trackingId=C4Xe00RxCxsMFYL2UWkbQg%3D%3D&position=13&pageNum=0&trk=public_jobs_jserp-result_search-card,DA,23-11-2022_10:39:47,3 years of professional experience
Junior Analyst - Data Processing,M3,"Bengaluru, Karnataka, India",13 hours ago,https://in.linkedin.com/jobs/view/junior-analyst-data-processing-at-m3-3366798107?refId=7wjZ3nrh4SaZyra7yrve1g%3D%3D&trackingId=hFPx%2FBMoenamiNPmvs4S2Q%3D%3D&position=14&pageNum=0&trk=public_jobs_jserp-result_search-card,DA,23-11-2022_10:39:47,
"Data Analyst, Trilogy (Remote) - $60,000/year USD",Crossover,"New Delhi, Delhi, India",3 hours ago,https://in.linkedin.com/jobs/view/data-analyst-trilogy-remote-%2460-000-year-usd-at-crossover-3367087577?refId=7wjZ3nrh4SaZyra7yrve1g%3D%3D&trackingId=VP%2BJ2G7X%2FORfdOeU7Xlbrw%3D%3D&position=15&pageNum=0&trk=public_jobs_jserp-result_search-card,DA,23-11-2022_10:39:47,
"Data Analyst, Trilogy (Remote) - $60,000/year USD",Crossover,"Bengaluru, Karnataka, India",3 hours ago,https://in.linkedin.com/jobs/view/data-analyst-trilogy-remote-%2460-000-year-usd-at-crossover-3367087555?refId=7wjZ3nrh4SaZyra7yrve1g%3D%3D&trackingId=ssWsXVFCjLGEybB882czZA%3D%3D&position=16&pageNum=0&trk=public_jobs_jserp-result_search-card,DA,23-11-2022_10:39:47,
"Data Analyst, Trilogy (Remote) - $60,000/year USD",Crossover,"Gurgaon, Haryana, India",3 hours ago,https://in.linkedin.com/jobs/view/data-analyst-trilogy-remote-%2460-000-year-usd-at-crossover-3367088442?refId=7wjZ3nrh4SaZyra7yrve1g%3D%3D&trackingId=B0tVXJHqGxNAKAQ3HU98hw%3D%3D&position=17&pageNum=0&trk=public_jobs_jserp-result_search-card,DA,23-11-2022_10:39:47,
"Data Analyst, Trilogy (Remote) - $60,000/year USD",Crossover,"Delhi, Delhi, India",3 hours ago,https://in.linkedin.com/jobs/view/data-analyst-trilogy-remote-%2460-000-year-usd-at-crossover-3367093056?refId=7wjZ3nrh4SaZyra7yrve1g%3D%3D&trackingId=UMk2TTAk463It7UKMhv4mg%3D%3D&position=18&pageNum=0&trk=public_jobs_jserp-result_search-card,DA,23-11-2022_10:39:47,
"Data Analyst, Trilogy (Remote) - $60,000/year USD",Crossover,"Ludhiana, Punjab, India",3 hours ago,https://in.linkedin.com/jobs/view/data-analyst-trilogy-remote-%2460-000-year-usd-at-crossover-3367090097?refId=7wjZ3nrh4SaZyra7yrve1g%3D%3D&trackingId=qVK28t9El4ux0xB5Fp%2Bauw%3D%3D&position=19&pageNum=0&trk=public_jobs_jserp-result_search-card,DA,23-11-2022_10:39:47,
"Data Research Analyst, Trilogy (Remote) - $60,000/year USD",Crossover,"Guwahati, Assam, India",3 hours ago,https://in.linkedin.com/jobs/view/data-research-analyst-trilogy-remote-%2460-000-year-usd-at-crossover-3367088483?refId=7wjZ3nrh4SaZyra7yrve1g%3D%3D&trackingId=Xt0yfRJfSSssD6nJS2st%2Fg%3D%3D&position=20&pageNum=0&trk=public_jobs_jserp-result_search-card,DA,23-11-2022_10:39:47,
Associate - Data Visualization-CPG022150,Genpact,"Bengaluru, Karnataka, India",14 hours ago,https://in.linkedin.com/jobs/view/associate-data-visualization-cpg022150-at-genpact-3370812290?refId=7wjZ3nrh4SaZyra7yrve1g%3D%3D&trackingId=sYSt3uORf3wIu50ncasFpw%3D%3D&position=22&pageNum=0&trk=public_jobs_jserp-result_search-card,DA,23-11-2022_10:39:47,
Senior Data Analyst,Thomson Reuters,"Bengaluru, Karnataka, India",17 hours ago,https://in.linkedin.com/jobs/view/senior-data-analyst-at-thomson-reuters-3338336086?refId=7wjZ3nrh4SaZyra7yrve1g%3D%3D&trackingId=xcM9Lvm8g%2F5t5b68OxkM6Q%3D%3D&position=23&pageNum=0&trk=public_jobs_jserp-result_search-card,DA,23-11-2022_10:39:47,"Experience



4+ years"
Engineering Data Analyst,TE Connectivity,"Bengaluru, Karnataka, India",22 hours ago,https://in.linkedin.com/jobs/view/engineering-data-analyst-at-te-connectivity-3366462827?refId=7wjZ3nrh4SaZyra7yrve1g%3D%3D&trackingId=aGk%2BhLiLuSxubNnXBr7zUw%3D%3D&position=24&pageNum=0&trk=public_jobs_jserp-result_search-card,DA,23-11-2022_10:39:47,Experience Other Employment Experience 3-5 years
Satori Group - Data Analyst - SSRS/SQL Server,Satori Group India,"Navi Mumbai, Maharashtra, India",13 hours ago,https://in.linkedin.com/jobs/view/satori-group-data-analyst-ssrs-sql-server-at-satori-group-india-3364409240?refId=7wjZ3nrh4SaZyra7yrve1g%3D%3D&trackingId=T%2FJMQ6zPupbCGx0KPM1DHA%3D%3D&position=25&pageNum=0&trk=public_jobs_jserp-result_search-card,DA,23-11-2022_10:39:47,
Data Analytics/Research Analytics Internship in Gurgaon at Earth Rhythm Private Limited,Earth Rhythm,"Gurgaon, Haryana, India",15 hours ago,https://in.linkedin.com/jobs/view/data-analytics-research-analytics-internship-in-gurgaon-at-earth-rhythm-private-limited-at-earth-rhythm-3370811518?refId=AUx860fHvqhSLYGm3Zbkkg%3D%3D&trackingId=ok6H9HtOOIp5u3Hpy9i6OQ%3D%3D&position=21&pageNum=0&trk=public_jobs_jserp-result_search-card,DA,23-11-2022_10:39:47,
Senior Data Analyst,Bombay Play,"Bengaluru, Karnataka, India",22 hours ago,https://in.linkedin.com/jobs/view/senior-data-analyst-at-bombay-play-3370179456?refId=vJpTvtEzYi3Urp2leKp7VQ%3D%3D&trackingId=QMtFjiy%2BnA%2FOfT0acUAsag%3D%3D&position=24&pageNum=0&trk=public_jobs_jserp-result_search-card,DA,23-11-2022_10:39:47,
"Graduate,Data Engineering",ResMed,"Bengaluru, Karnataka, India",6 hours ago,https://in.linkedin.com/jobs/view/graduate-data-engineering-at-resmed-3371037277?refId=n2ceqfFIhBkC5GMZ6csEOg%3D%3D&trackingId=0J5uXygXbo68eg%2F6g7H%2BrA%3D%3D&position=24&pageNum=0&trk=public_jobs_jserp-result_search-card,DA,23-11-2022_10:39:47,
Data Science - Technical Lead,Paytm,"Noida, Uttar Pradesh, India",9 hours ago,https://in.linkedin.com/jobs/view/data-science-technical-lead-at-paytm-3364451090?refId=T1EFBYoCDgRUdXrXeKGkZQ%3D%3D&trackingId=jZ6866q5pZgyQN7z9tlqMQ%3D%3D&position=1&pageNum=0&trk=public_jobs_jserp-result_search-card,DS,23-11-2022_10:39:47,
Data Analyst Intern,Snowflake,"Pune, Maharashtra, India",18 hours ago,https://in.linkedin.com/jobs/view/data-analyst-intern-at-snowflake-3309494215?refId=T1EFBYoCDgRUdXrXeKGkZQ%3D%3D&trackingId=iWUNJEK3uPxr2JJ4QnJmBA%3D%3D&position=2&pageNum=0&trk=public_jobs_jserp-result_search-card,DS,23-11-2022_10:39:47,
"Analyst, Analytics",Mondelēz International,"Mumbai, Maharashtra, India",15 hours ago,https://in.linkedin.com/jobs/view/analyst-analytics-at-mondel%C4%93z-international-3366764725?refId=T1EFBYoCDgRUdXrXeKGkZQ%3D%3D&trackingId=d9sGLiOcU5wRtltI8qdF%2FQ%3D%3D&position=3&pageNum=0&trk=public_jobs_jserp-result_search-card,DS,23-11-2022_10:39:47,
Data Scientist,dentsu international,"Gurugram, Haryana, India",18 hours ago,https://in.linkedin.com/jobs/view/data-scientist-at-dentsu-international-3363960561?refId=T1EFBYoCDgRUdXrXeKGkZQ%3D%3D&trackingId=BiAaCAk3yh2YwnJiGJcvSA%3D%3D&position=4&pageNum=0&trk=public_jobs_jserp-result_search-card,DS,23-11-2022_10:39:47,
Data Analyst,Tata Electronics Pvt. Ltd.,"Krishnagiri, Tamil Nadu, India",19 hours ago,https://in.linkedin.com/jobs/view/data-analyst-at-tata-electronics-pvt-ltd-3366702807?refId=T1EFBYoCDgRUdXrXeKGkZQ%3D%3D&trackingId=fIwmIA96skilImX4ppCqdQ%3D%3D&position=5&pageNum=0&trk=public_jobs_jserp-result_search-card,DS,23-11-2022_10:39:47,
Associate - Quality Analyst,upGrad,"Bengaluru, Karnataka, India",21 hours ago,https://in.linkedin.com/jobs/view/associate-quality-analyst-at-upgrad-3366493323?refId=T1EFBYoCDgRUdXrXeKGkZQ%3D%3D&trackingId=6dBUsfGwttxhBAqJ8LyvyA%3D%3D&position=6&pageNum=0&trk=public_jobs_jserp-result_search-card,DS,23-11-2022_10:39:47,1+ years of experience
Python Developer,ReBid,"Bengaluru North, Karnataka, India",15 hours ago,https://in.linkedin.com/jobs/view/python-developer-at-rebid-3366762972?refId=T1EFBYoCDgRUdXrXeKGkZQ%3D%3D&trackingId=VmxhGds7eyBRIMtDckSdDQ%3D%3D&position=7&pageNum=0&trk=public_jobs_jserp-result_search-card,DS,23-11-2022_10:39:47,1-3 years of experience
Data Scientist,AKS ProTalent,India,23 hours ago,https://in.linkedin.com/jobs/view/data-scientist-at-aks-protalent-3363931323?refId=T1EFBYoCDgRUdXrXeKGkZQ%3D%3D&trackingId=sCW%2BYT9SUhqkwtctkQThLA%3D%3D&position=8&pageNum=0&trk=public_jobs_jserp-result_search-card,DS,23-11-2022_10:39:47,
Data Scientist,HuntingCube Recruitment Solutions,"Bengaluru, Karnataka, India",5 hours ago,https://in.linkedin.com/jobs/view/data-scientist-at-huntingcube-recruitment-solutions-3367072396?refId=T1EFBYoCDgRUdXrXeKGkZQ%3D%3D&trackingId=vG5Hn9uOQV%2FM6rjwJ7GAJQ%3D%3D&position=9&pageNum=0&trk=public_jobs_jserp-result_search-card,DS,23-11-2022_10:39:47,5-8 Years of experience
Junior Analyst - Data Processing,M3,"Bengaluru, Karnataka, India",13 hours ago,https://in.linkedin.com/jobs/view/junior-analyst-data-processing-at-m3-3366798107?refId=T1EFBYoCDgRUdXrXeKGkZQ%3D%3D&trackingId=Uop1BPvnNR%2FkWpoU1HDdOg%3D%3D&position=10&pageNum=0&trk=public_jobs_jserp-result_search-card,DS,23-11-2022_10:39:47,
Data Scientist,IGP.com,"Mumbai, Maharashtra, India",22 hours ago,https://in.linkedin.com/jobs/view/data-scientist-at-igp-com-3366478897?refId=T1EFBYoCDgRUdXrXeKGkZQ%3D%3D&trackingId=rAT%2FoMLDey%2BriRoHg6N%2Bmg%3D%3D&position=11&pageNum=0&trk=public_jobs_jserp-result_search-card,DS,23-11-2022_10:39:47,2-3 years of experience.
Machine Learning Engineer _BANGALORE,Quess IT Staffing,"Bengaluru, Karnataka, India",23 hours ago,https://in.linkedin.com/jobs/view/machine-learning-engineer-bangalore-at-quess-it-staffing-3366413947?refId=T1EFBYoCDgRUdXrXeKGkZQ%3D%3D&trackingId=WlRAnRo6%2FzfiAarrSZJ7uQ%3D%3D&position=12&pageNum=0&trk=public_jobs_jserp-result_search-card,DS,23-11-2022_10:39:47,6 to 8 Years of experience
Data Scientist,Baxter International Inc.,"Gurgaon, Haryana, India",4 hours ago,https://in.linkedin.com/jobs/view/data-scientist-at-baxter-international-inc-3371094299?refId=T1EFBYoCDgRUdXrXeKGkZQ%3D%3D&trackingId=FaYfKdNx1djcvOhVnrPg6w%3D%3D&position=13&pageNum=0&trk=public_jobs_jserp-result_search-card,DS,23-11-2022_10:39:47,4+ years of overall proven experience
Customer Success Associate,Coursera,India,12 hours ago,https://in.linkedin.com/jobs/view/customer-success-associate-at-coursera-3370950705?refId=T1EFBYoCDgRUdXrXeKGkZQ%3D%3D&trackingId=2w7YUfZfUHh4xEFrB1ZJvg%3D%3D&position=14&pageNum=0&trk=public_jobs_jserp-result_search-card,DS,23-11-2022_10:39:47,3 + years experience
"Associate Data Scientist - Bangalore, KA",Optum,"Bengaluru, Karnataka, India",23 hours ago,https://in.linkedin.com/jobs/view/associate-data-scientist-bangalore-ka-at-optum-3370172569?refId=T1EFBYoCDgRUdXrXeKGkZQ%3D%3D&trackingId=XGtx1%2BTf%2F%2FXvfjXwmlQ9ZA%3D%3D&position=15&pageNum=0&trk=public_jobs_jserp-result_search-card,DS,23-11-2022_10:39:47,
Data Scientist II,Honeywell,"Bengaluru, Karnataka, India",21 hours ago,https://in.linkedin.com/jobs/view/data-scientist-ii-at-honeywell-3366487749?refId=T1EFBYoCDgRUdXrXeKGkZQ%3D%3D&trackingId=DFuvUhwNLsx8HosX6j%2BVbQ%3D%3D&position=16&pageNum=0&trk=public_jobs_jserp-result_search-card,DS,23-11-2022_10:39:47,
Research Analyst - Intern,SUN Mobility,"Bengaluru, Karnataka, India",16 hours ago,https://in.linkedin.com/jobs/view/research-analyst-intern-at-sun-mobility-3366729316?refId=T1EFBYoCDgRUdXrXeKGkZQ%3D%3D&trackingId=OQojG3G%2B7eufmq7RAjZp%2Bw%3D%3D&position=17&pageNum=0&trk=public_jobs_jserp-result_search-card,DS,23-11-2022_10:39:47,
Data Analyst (Intern),Abhyaz,"Chennai, Tamil Nadu, India",8 hours ago,https://in.linkedin.com/jobs/view/data-analyst-intern-at-abhyaz-3371017950?refId=T1EFBYoCDgRUdXrXeKGkZQ%3D%3D&trackingId=PduQpo7TQ9hXSQevA2UERQ%3D%3D&position=18&pageNum=0&trk=public_jobs_jserp-result_search-card,DS,23-11-2022_10:39:47,
"Data Scientist, II",Zebra Technologies,"Bengaluru, Karnataka, India",21 hours ago,https://in.linkedin.com/jobs/view/data-scientist-ii-at-zebra-technologies-3366491557?refId=T1EFBYoCDgRUdXrXeKGkZQ%3D%3D&trackingId=jWHxWKvf9%2BnOfiLCHptqFw%3D%3D&position=19&pageNum=0&trk=public_jobs_jserp-result_search-card,DS,23-11-2022_10:39:47,
NLP Data Scientist,Ford Motor Company,"Chennai, Tamil Nadu, India",17 hours ago,https://in.linkedin.com/jobs/view/nlp-data-scientist-at-ford-motor-company-3338130033?refId=T1EFBYoCDgRUdXrXeKGkZQ%3D%3D&trackingId=L0ROrqNd9nLxzsh39kVj3g%3D%3D&position=20&pageNum=0&trk=public_jobs_jserp-result_search-card,DS,23-11-2022_10:39:47,
Machine Learning Engineer,AuthSafe,"Maharashtra, India",27 minutes ago,https://in.linkedin.com/jobs/view/machine-learning-engineer-at-authsafe-3368327207?refId=T1EFBYoCDgRUdXrXeKGkZQ%3D%3D&trackingId=I%2BR8UsZNjqLved%2F5ntiSYw%3D%3D&position=21&pageNum=0&trk=public_jobs_jserp-result_search-card,DS,23-11-2022_10:39:47,
Business Analyst - Data Science-ANA003052,Genpact,"Bengaluru, Karnataka, India",14 hours ago,https://in.linkedin.com/jobs/view/business-analyst-data-science-ana003052-at-genpact-3370810847?refId=T1EFBYoCDgRUdXrXeKGkZQ%3D%3D&trackingId=wtsJ3VV5rcVLJeVlzIArPg%3D%3D&position=22&pageNum=0&trk=public_jobs_jserp-result_search-card,DS,23-11-2022_10:39:47,
Trainee Engineer,Innovapptive Inc,"Hyderabad, Telangana, India",11 hours ago,https://in.linkedin.com/jobs/view/trainee-engineer-at-innovapptive-inc-3370968979?refId=T1EFBYoCDgRUdXrXeKGkZQ%3D%3D&trackingId=x27FHQwb%2BjBIGEV3mntFcA%3D%3D&position=23&pageNum=0&trk=public_jobs_jserp-result_search-card,DS,23-11-2022_10:39:47,
Software Engineer I,Mastercard,"Pune, Maharashtra, India",17 hours ago,https://in.linkedin.com/jobs/view/software-engineer-i-at-mastercard-3336110165?refId=T1EFBYoCDgRUdXrXeKGkZQ%3D%3D&trackingId=Zrbg1FQK2AFtzLME%2F6Dw%2Fw%3D%3D&position=24&pageNum=0&trk=public_jobs_jserp-result_search-card,DS,23-11-2022_10:39:47,
Data Analyst - Insights,Events by L,"Bengaluru, Karnataka, India",12 hours ago,https://in.linkedin.com/jobs/view/data-analyst-insights-at-events-by-l-3367006363?refId=T1EFBYoCDgRUdXrXeKGkZQ%3D%3D&trackingId=BWv2LXWC2dTsJTpdo1y6og%3D%3D&position=25&pageNum=0&trk=public_jobs_jserp-result_search-card,DS,23-11-2022_10:39:47,3+ years of experience
Data Analyst - Planning,Myntra,"Bengaluru, Karnataka, India",23 hours ago,https://in.linkedin.com/jobs/view/data-analyst-planning-at-myntra-3363931224?refId=okwq36pkI0aAwJJfIjDWzQ%3D%3D&trackingId=Z2X%2BAtImyMwkmYpt74Sl%2Bg%3D%3D&position=1&pageNum=0&trk=public_jobs_jserp-result_search-card,DS,23-11-2022_10:39:47,"1-4 years of professional experience , 3-4 Years of professional experience"
Data Analytics/Research Analytics Internship in Gurgaon at Earth Rhythm Private Limited,Earth Rhythm,"Gurgaon, Haryana, India",15 hours ago,https://in.linkedin.com/jobs/view/data-analytics-research-analytics-internship-in-gurgaon-at-earth-rhythm-private-limited-at-earth-rhythm-3370811518?refId=okwq36pkI0aAwJJfIjDWzQ%3D%3D&trackingId=JVJcCPANcIMiw%2FOFPpzONg%3D%3D&position=10&pageNum=0&trk=public_jobs_jserp-result_search-card,DS,23-11-2022_10:39:47,
Data Annotation/Labeling Internship in Pune at Agrograde,Agrograde,"Pune, Maharashtra, India",15 hours ago,https://in.linkedin.com/jobs/view/data-annotation-labeling-internship-in-pune-at-agrograde-at-agrograde-3370809442?refId=okwq36pkI0aAwJJfIjDWzQ%3D%3D&trackingId=mNdMg86QjghiSakPb50vfg%3D%3D&position=14&pageNum=0&trk=public_jobs_jserp-result_search-card,DS,23-11-2022_10:39:47,
Business Intelligence Developer Role,Swire Shipping,"Bangalore Urban, Karnataka, India",3 hours ago,https://in.linkedin.com/jobs/view/business-intelligence-developer-role-at-swire-shipping-3364476706?refId=okwq36pkI0aAwJJfIjDWzQ%3D%3D&trackingId=IXFZjrCnr6TxE2GGiBUcnA%3D%3D&position=18&pageNum=0&trk=public_jobs_jserp-result_search-card,DS,23-11-2022_10:39:47,
Business Analyst(Python-Data Analytics),Evalueserve,"Gurugram, Haryana, India",23 hours ago,https://in.linkedin.com/jobs/view/business-analyst-python-data-analytics-at-evalueserve-3370172431?refId=okwq36pkI0aAwJJfIjDWzQ%3D%3D&trackingId=KrwjSx6Oe0SPxfdHfvj%2FNg%3D%3D&position=19&pageNum=0&trk=public_jobs_jserp-result_search-card,DS,23-11-2022_10:39:47,"3-9 years experience , 3 - 9 Years of experience"
Python Development (Data Analysis) Internship in Delhi at Pace Stock Broking Services Private Limited,Pace Stock Broking Services Pvt. Ltd.,"Delhi, Delhi, India",15 hours ago,https://in.linkedin.com/jobs/view/python-development-data-analysis-internship-in-delhi-at-pace-stock-broking-services-private-limited-at-pace-stock-broking-services-pvt-ltd-3370805516?refId=okwq36pkI0aAwJJfIjDWzQ%3D%3D&trackingId=Vx14Wh0TvB5%2FTVNESN9RvQ%3D%3D&position=21&pageNum=0&trk=public_jobs_jserp-result_search-card,DS,23-11-2022_10:39:47,
Data Analyst,Applicantz,"Bangalore Urban, Karnataka, India",21 hours ago,https://in.linkedin.com/jobs/view/data-analyst-at-applicantz-3370235750?refId=okwq36pkI0aAwJJfIjDWzQ%3D%3D&trackingId=lcsDlXuI5UPl%2Bo8vEsejlw%3D%3D&position=22&pageNum=0&trk=public_jobs_jserp-result_search-card,DS,23-11-2022_10:39:47,
"Graduate,Data Engineering",ResMed,"Bengaluru, Karnataka, India",6 hours ago,https://in.linkedin.com/jobs/view/graduate-data-engineering-at-resmed-3371037277?refId=okwq36pkI0aAwJJfIjDWzQ%3D%3D&trackingId=Kxi%2BRoT7AKGk9sW1aUa4vw%3D%3D&position=23&pageNum=0&trk=public_jobs_jserp-result_search-card,DS,23-11-2022_10:39:47,
Data Analyst,Mettl,"Gurugram, Haryana, India",16 minutes ago,https://in.linkedin.com/jobs/view/data-analyst-at-mettl-3365437234?refId=okwq36pkI0aAwJJfIjDWzQ%3D%3D&trackingId=hC4shomA4SawCRhEub0viQ%3D%3D&position=25&pageNum=0&trk=public_jobs_jserp-result_search-card,DS,23-11-2022_10:39:47,
Business Analyst - Healthcare Analytics-HEA003572,Genpact,"Bengaluru, Karnataka, India",14 hours ago,https://in.linkedin.com/jobs/view/business-analyst-healthcare-analytics-hea003572-at-genpact-3370811763?refId=FxVoLTWf2yZshQ%2BSDXF8kg%3D%3D&trackingId=BfQ7B5si4Cn9t5xCl0kUmg%3D%3D&position=20&pageNum=0&trk=public_jobs_jserp-result_search-card,DS,23-11-2022_10:39:47,
"Data Scientist, Totogi (Remote) - $60,000/year USD",Crossover,"Bengaluru, Karnataka, India",3 hours ago,https://in.linkedin.com/jobs/view/data-scientist-totogi-remote-%2460-000-year-usd-at-crossover-3367089032?refId=rFl2YUaf%2FmvEkjYkpqlTlw%3D%3D&trackingId=yMV3GphwAltCQ%2BZNOpdVDg%3D%3D&position=22&pageNum=0&trk=public_jobs_jserp-result_search-card,DS,23-11-2022_10:39:47,
"Manager, Product Analytics",Pine Labs,"Gurugram, Haryana, India",21 hours ago,https://in.linkedin.com/jobs/view/manager-product-analytics-at-pine-labs-3366700121?refId=rFl2YUaf%2FmvEkjYkpqlTlw%3D%3D&trackingId=3T%2FXZCOBVpBg8YsDeXN1pQ%3D%3D&position=24&pageNum=0&trk=public_jobs_jserp-result_search-card,DS,23-11-2022_10:39:47,
"Graduate,Data Engineering",ResMed,"Hyderabad, Telangana, India",6 hours ago,https://in.linkedin.com/jobs/view/graduate-data-engineering-at-resmed-3371036454?refId=rFl2YUaf%2FmvEkjYkpqlTlw%3D%3D&trackingId=gXik4k%2B1PaS1Oh6Nkwk0wA%3D%3D&position=25&pageNum=0&trk=public_jobs_jserp-result_search-card,DS,23-11-2022_10:39:47,2 years of related experience.
Business Analyst - CSAT,Smith+Nephew,"Pune, Maharashtra, India",16 hours ago,https://in.linkedin.com/jobs/view/business-analyst-csat-at-smith%2Bnephew-3366732908?refId=OKJmeHnKadqBnD%2Fd8OUUDQ%3D%3D&trackingId=W3Mn3IgWPuDMlFyPQ0AdVQ%3D%3D&position=1&pageNum=0&trk=public_jobs_jserp-result_search-card,BA,23-11-2022_10:39:47,4 years of analytics experience.
Business Analyst - Business Insight-CPG018111,Genpact,"Bengaluru, Karnataka, India",14 hours ago,https://in.linkedin.com/jobs/view/business-analyst-business-insight-cpg018111-at-genpact-3370825059?refId=OKJmeHnKadqBnD%2Fd8OUUDQ%3D%3D&trackingId=wu85%2BGBiDSwb7m9HyF%2F44Q%3D%3D&position=2&pageNum=0&trk=public_jobs_jserp-result_search-card,BA,23-11-2022_10:39:47,
Business Analyst - MS-BFS015791,Genpact,"Noida, Uttar Pradesh, India",14 hours ago,https://in.linkedin.com/jobs/view/business-analyst-ms-bfs015791-at-genpact-3370813744?refId=OKJmeHnKadqBnD%2Fd8OUUDQ%3D%3D&trackingId=D7dlUfhQIlAIWHhO61%2BHIA%3D%3D&position=3&pageNum=0&trk=public_jobs_jserp-result_search-card,BA,23-11-2022_10:39:47,
Business Analyst - FP&A-CPG025331,Genpact,"Bengaluru, Karnataka, India",14 hours ago,https://in.linkedin.com/jobs/view/business-analyst-fp-a-cpg025331-at-genpact-3370810851?refId=OKJmeHnKadqBnD%2Fd8OUUDQ%3D%3D&trackingId=aUZGgM2E0E%2BieiwVyQ6OKQ%3D%3D&position=4&pageNum=0&trk=public_jobs_jserp-result_search-card,BA,23-11-2022_10:39:47,
Business Analyst-BFS015487,Genpact,"Bengaluru, Karnataka, India",14 hours ago,https://in.linkedin.com/jobs/view/business-analyst-bfs015487-at-genpact-3370820425?refId=OKJmeHnKadqBnD%2Fd8OUUDQ%3D%3D&trackingId=FbPnA%2BK7aT1vj5Tvvm6HCQ%3D%3D&position=5&pageNum=0&trk=public_jobs_jserp-result_search-card,BA,23-11-2022_10:39:47,
Business Analyst - Healthcare Analytics-HEA003572,Genpact,"Bengaluru, Karnataka, India",14 hours ago,https://in.linkedin.com/jobs/view/business-analyst-healthcare-analytics-hea003572-at-genpact-3370811763?refId=OKJmeHnKadqBnD%2Fd8OUUDQ%3D%3D&trackingId=7%2F6M8m%2FG%2BoE6QEEPTAjb0w%3D%3D&position=6&pageNum=0&trk=public_jobs_jserp-result_search-card,BA,23-11-2022_10:39:47,
Business Analyst - AML/KYC-BFS014141,Genpact,"Gurugram, Haryana, India",14 hours ago,https://in.linkedin.com/jobs/view/business-analyst-aml-kyc-bfs014141-at-genpact-3370813401?refId=OKJmeHnKadqBnD%2Fd8OUUDQ%3D%3D&trackingId=X2B1pNQ%2B02ew1CW51vp4Aw%3D%3D&position=7&pageNum=0&trk=public_jobs_jserp-result_search-card,BA,23-11-2022_10:39:47,
Business Analyst - Salesforce-BFS015933,Genpact,"Bengaluru, Karnataka, India",14 hours ago,https://in.linkedin.com/jobs/view/business-analyst-salesforce-bfs015933-at-genpact-3370816364?refId=OKJmeHnKadqBnD%2Fd8OUUDQ%3D%3D&trackingId=YN%2BthaSfbnodute5fTwRNQ%3D%3D&position=8&pageNum=0&trk=public_jobs_jserp-result_search-card,BA,23-11-2022_10:39:47,
Business Analyst,WebEngage,"Mumbai, Maharashtra, India",15 hours ago,https://in.linkedin.com/jobs/view/business-analyst-at-webengage-3366765690?refId=OKJmeHnKadqBnD%2Fd8OUUDQ%3D%3D&trackingId=03lOXr6xVXzjgcAy5UyfXA%3D%3D&position=9&pageNum=0&trk=public_jobs_jserp-result_search-card,BA,23-11-2022_10:39:47,
"Business Analyst, Forward Kitchens (Remote) - $60,000/year USD",Crossover,"Maharashtra, India",3 hours ago,https://in.linkedin.com/jobs/view/business-analyst-forward-kitchens-remote-%2460-000-year-usd-at-crossover-3367085703?refId=OKJmeHnKadqBnD%2Fd8OUUDQ%3D%3D&trackingId=OXW3nWFxUaf8qNQp%2FeXlaA%3D%3D&position=10&pageNum=0&trk=public_jobs_jserp-result_search-card,BA,23-11-2022_10:39:47,
Junior Business Analyst,InterManagement Manpower Services Ltd.,"Mumbai, Maharashtra, India",11 hours ago,https://in.linkedin.com/jobs/view/junior-business-analyst-at-intermanagement-manpower-services-ltd-3367028034?refId=OKJmeHnKadqBnD%2Fd8OUUDQ%3D%3D&trackingId=6evZF8iYS1PfBYfJ1Y8TPQ%3D%3D&position=11&pageNum=0&trk=public_jobs_jserp-result_search-card,BA,23-11-2022_10:39:47,
Business Analyst - Banking-BFS014801,Genpact,"Noida, Uttar Pradesh, India",14 hours ago,https://in.linkedin.com/jobs/view/business-analyst-banking-bfs014801-at-genpact-3370815060?refId=OKJmeHnKadqBnD%2Fd8OUUDQ%3D%3D&trackingId=H4q%2FLyOgnbva%2FWtlhBr%2BTg%3D%3D&position=12&pageNum=0&trk=public_jobs_jserp-result_search-card,BA,23-11-2022_10:39:47,
Business Analyst - Order Fulfillment-ANA006229,Genpact,"Bengaluru, Karnataka, India",17 hours ago,https://in.linkedin.com/jobs/view/business-analyst-order-fulfillment-ana006229-at-genpact-3338691357?refId=OKJmeHnKadqBnD%2Fd8OUUDQ%3D%3D&trackingId=eIrAa16hdSSYqNUAjYh2Ng%3D%3D&position=13&pageNum=0&trk=public_jobs_jserp-result_search-card,BA,23-11-2022_10:39:47,
Business Analyst II [VBA},American Express,"Gurgaon, Haryana, India",7 hours ago,https://in.linkedin.com/jobs/view/business-analyst-ii-vba-at-american-express-3364458180?refId=OKJmeHnKadqBnD%2Fd8OUUDQ%3D%3D&trackingId=0GSGCTSQGUpS1IdVQL%2FMjw%3D%3D&position=14&pageNum=0&trk=public_jobs_jserp-result_search-card,BA,23-11-2022_10:39:47,
Business Analyst - Advanced Analytics-CPG020563,Genpact,"Pune, Maharashtra, India",14 hours ago,https://in.linkedin.com/jobs/view/business-analyst-advanced-analytics-cpg020563-at-genpact-3370813492?refId=OKJmeHnKadqBnD%2Fd8OUUDQ%3D%3D&trackingId=qYoXW89F4Be6qsna%2FvcMVw%3D%3D&position=15&pageNum=0&trk=public_jobs_jserp-result_search-card,BA,23-11-2022_10:39:47,
"Business Analyst, Randomization Office",Novartis India,"Hyderabad, Telangana, India",17 hours ago,https://in.linkedin.com/jobs/view/business-analyst-randomization-office-at-novartis-india-3309419344?refId=OKJmeHnKadqBnD%2Fd8OUUDQ%3D%3D&trackingId=FgEgzuU2EGObeZ5n4Y4gSQ%3D%3D&position=16&pageNum=0&trk=public_jobs_jserp-result_search-card,BA,23-11-2022_10:39:47,4 years relevant clinical experience
"Business Analyst, Forward Kitchens (Remote) - $60,000/year USD",Crossover,"Delhi, Delhi, India",3 hours ago,https://in.linkedin.com/jobs/view/business-analyst-forward-kitchens-remote-%2460-000-year-usd-at-crossover-3367087209?refId=OKJmeHnKadqBnD%2Fd8OUUDQ%3D%3D&trackingId=Wl8kQVRw6ssK1lx8zIx6og%3D%3D&position=17&pageNum=0&trk=public_jobs_jserp-result_search-card,BA,23-11-2022_10:39:47,3+ years of experience
BUSINESS PROCESS ANALYST II,TE Connectivity,"Bengaluru, Karnataka, India",22 hours ago,https://in.linkedin.com/jobs/view/business-process-analyst-ii-at-te-connectivity-3366466893?refId=OKJmeHnKadqBnD%2Fd8OUUDQ%3D%3D&trackingId=mYbFLeGkxue6%2FBeC5uiPDw%3D%3D&position=18&pageNum=0&trk=public_jobs_jserp-result_search-card,BA,23-11-2022_10:39:47,
Business Analyst - Data Management-BFS014886,Genpact,"Gurugram, Haryana, India",14 hours ago,https://in.linkedin.com/jobs/view/business-analyst-data-management-bfs014886-at-genpact-3370813244?refId=OKJmeHnKadqBnD%2Fd8OUUDQ%3D%3D&trackingId=l1j5PFmhNaAVYnTeua9IAw%3D%3D&position=19&pageNum=0&trk=public_jobs_jserp-result_search-card,BA,23-11-2022_10:39:47,
Business Analyst - Data Science-ANA003055,Genpact,"Bengaluru, Karnataka, India",14 hours ago,https://in.linkedin.com/jobs/view/business-analyst-data-science-ana003055-at-genpact-3370824043?refId=OKJmeHnKadqBnD%2Fd8OUUDQ%3D%3D&trackingId=9CZZNbiF9HIjdrIC4Xyu8w%3D%3D&position=20&pageNum=0&trk=public_jobs_jserp-result_search-card,BA,23-11-2022_10:39:47,
Business Analyst - Strategic Forecasting-CPG020558,Genpact,"Pune, Maharashtra, India",14 hours ago,https://in.linkedin.com/jobs/view/business-analyst-strategic-forecasting-cpg020558-at-genpact-3370809832?refId=OKJmeHnKadqBnD%2Fd8OUUDQ%3D%3D&trackingId=YBiqM5N95T4I%2FQOG229AzQ%3D%3D&position=21&pageNum=0&trk=public_jobs_jserp-result_search-card,BA,23-11-2022_10:39:47,
Business Analyst,NatWest Group,"Bengaluru, Karnataka, India",14 hours ago,https://in.linkedin.com/jobs/view/business-analyst-at-natwest-group-3356962455?refId=OKJmeHnKadqBnD%2Fd8OUUDQ%3D%3D&trackingId=UyNlCLAyyCVu10Wa%2F9kX9A%3D%3D&position=22&pageNum=0&trk=public_jobs_jserp-result_search-card,BA,23-11-2022_10:39:47,
Business Analyst,NatWest Group,"Gurgaon, Haryana, India",14 hours ago,https://in.linkedin.com/jobs/view/business-analyst-at-natwest-group-3356960704?refId=OKJmeHnKadqBnD%2Fd8OUUDQ%3D%3D&trackingId=GtcAnMMUE7mI5fObTCrEGw%3D%3D&position=24&pageNum=0&trk=public_jobs_jserp-result_search-card,BA,23-11-2022_10:39:47,
Digital_Business Analyst-ANA002568,Genpact,"Bengaluru, Karnataka, India",14 hours ago,https://in.linkedin.com/jobs/view/digital-business-analyst-ana002568-at-genpact-3370814030?refId=OKJmeHnKadqBnD%2Fd8OUUDQ%3D%3D&trackingId=MWbkJPnzMeAvxif32LhRHw%3D%3D&position=25&pageNum=0&trk=public_jobs_jserp-result_search-card,BA,23-11-2022_10:39:47,experience as a Phyton Developer for 4-6 year
"Analyst (Business Intelligence) – Supply Strategy and Optimisation (Bangkok based, relocation provided)",Agoda,"Kolkata, West Bengal, India",14 minutes ago,https://in.linkedin.com/jobs/view/analyst-business-intelligence-%E2%80%93-supply-strategy-and-optimisation-bangkok-based-relocation-provided-at-agoda-3368324399?refId=swLWs7QyBX9PzVE4rZQ4xw%3D%3D&trackingId=DrH3%2FmV%2BktHsFuV0pvSXxw%3D%3D&position=1&pageNum=0&trk=public_jobs_jserp-result_search-card,BA,23-11-2022_10:39:47,
"Analyst or Senior Analyst- Beds Network (Singapore Based, relocation provided)",Agoda,"Bengaluru, Karnataka, India",15 minutes ago,https://in.linkedin.com/jobs/view/analyst-or-senior-analyst-beds-network-singapore-based-relocation-provided-at-agoda-3368325505?refId=swLWs7QyBX9PzVE4rZQ4xw%3D%3D&trackingId=XaQe72EC68kvJbZc%2B5c%2BzA%3D%3D&position=2&pageNum=0&trk=public_jobs_jserp-result_search-card,BA,23-11-2022_10:39:47,
Business Analyst - Java Developer-ANA003075,Genpact,"Bengaluru, Karnataka, India",14 hours ago,https://in.linkedin.com/jobs/view/business-analyst-java-developer-ana003075-at-genpact-3370811363?refId=swLWs7QyBX9PzVE4rZQ4xw%3D%3D&trackingId=yLnaisYNwRjWyM9Pv%2B2ZCw%3D%3D&position=5&pageNum=0&trk=public_jobs_jserp-result_search-card,BA,23-11-2022_10:39:47,6+ years of relevant experience
"Senior Business Analyst (Bangkok Based, relocation provided)",Agoda,"New Delhi, Delhi, India",15 minutes ago,https://in.linkedin.com/jobs/view/senior-business-analyst-bangkok-based-relocation-provided-at-agoda-3368319810?refId=swLWs7QyBX9PzVE4rZQ4xw%3D%3D&trackingId=8Z7yDY4LBwxpIkPkbsH9wA%3D%3D&position=6&pageNum=0&trk=public_jobs_jserp-result_search-card,BA,23-11-2022_10:39:47,2+ years experience
"Data Analyst (Statistics/Python/BI) (Bangkok-based, relocation provided)",Agoda,"Bengaluru, Karnataka, India",14 minutes ago,https://in.linkedin.com/jobs/view/data-analyst-statistics-python-bi-bangkok-based-relocation-provided-at-agoda-3368318838?refId=swLWs7QyBX9PzVE4rZQ4xw%3D%3D&trackingId=uDZI3mfm1jqPTFUwndVo0g%3D%3D&position=7&pageNum=0&trk=public_jobs_jserp-result_search-card,BA,23-11-2022_10:39:47,"2+ years of relevant experience
Experience"
"Senior Analyst (Bangkok Based, relocation provided)",Agoda,"New Delhi, Delhi, India",15 minutes ago,https://in.linkedin.com/jobs/view/senior-analyst-bangkok-based-relocation-provided-at-agoda-3368325309?refId=swLWs7QyBX9PzVE4rZQ4xw%3D%3D&trackingId=LEjSfW0qGDeHOodtt7%2FmwA%3D%3D&position=8&pageNum=0&trk=public_jobs_jserp-result_search-card,BA,23-11-2022_10:39:47,3+ years experience
Solution Architect - Global Delivery Network - MOM/ MES,Siemens Digital Industries Software,"Hyderabad, Telangana, India",18 hours ago,https://in.linkedin.com/jobs/view/solution-architect-global-delivery-network-mom-mes-at-siemens-digital-industries-software-3213810555?refId=swLWs7QyBX9PzVE4rZQ4xw%3D%3D&trackingId=WqTSU0UyefI79XtiabMERg%3D%3D&position=11&pageNum=0&trk=public_jobs_jserp-result_search-card,BA,23-11-2022_10:39:47,7- 12 years of practical experience
"Senior Business Analyst (Bangkok Based, relocation provided)",Agoda,"Bengaluru, Karnataka, India",15 minutes ago,https://in.linkedin.com/jobs/view/senior-business-analyst-bangkok-based-relocation-provided-at-agoda-3368322575?refId=swLWs7QyBX9PzVE4rZQ4xw%3D%3D&trackingId=4pfw52yI0nXBWx1kCJqXpg%3D%3D&position=12&pageNum=0&trk=public_jobs_jserp-result_search-card,BA,23-11-2022_10:39:47,2+ years experience
"Business Analyst, Strategic Partnerships( Bangkok based)",Agoda,"Bengaluru, Karnataka, India",15 minutes ago,https://in.linkedin.com/jobs/view/business-analyst-strategic-partnerships-bangkok-based-at-agoda-3368324888?refId=swLWs7QyBX9PzVE4rZQ4xw%3D%3D&trackingId=Ulng0JNFEJYcVz5AQ%2F%2FjSA%3D%3D&position=13&pageNum=0&trk=public_jobs_jserp-result_search-card,BA,23-11-2022_10:39:47,
Financial Reporting Analyst,Wells Fargo,"Chennai, Tamil Nadu, India",13 hours ago,https://in.linkedin.com/jobs/view/financial-reporting-analyst-at-wells-fargo-3370831639?refId=swLWs7QyBX9PzVE4rZQ4xw%3D%3D&trackingId=rrHYNwoh4sCz1a5dmaZsxQ%3D%3D&position=14&pageNum=0&trk=public_jobs_jserp-result_search-card,BA,23-11-2022_10:39:47,5 to 6 years of experience
"Analyst or Senior Analyst (SOAP) (Bangkok-based role, Relocation provided)",Agoda,"New Delhi, Delhi, India",15 minutes ago,https://in.linkedin.com/jobs/view/analyst-or-senior-analyst-soap-bangkok-based-role-relocation-provided-at-agoda-3368324548?refId=swLWs7QyBX9PzVE4rZQ4xw%3D%3D&trackingId=BqaBgx0h%2FNs3DSZ3QqGHOQ%3D%3D&position=15&pageNum=0&trk=public_jobs_jserp-result_search-card,BA,23-11-2022_10:39:47,
"Analyst (SOAP) (Bangkok-based role, Relocation provided)",Agoda,"New Delhi, Delhi, India",15 minutes ago,https://in.linkedin.com/jobs/view/analyst-soap-bangkok-based-role-relocation-provided-at-agoda-3368324673?refId=swLWs7QyBX9PzVE4rZQ4xw%3D%3D&trackingId=Qn9D%2BZ70FXa8nIUEKsSW%2Fg%3D%3D&position=16&pageNum=0&trk=public_jobs_jserp-result_search-card,BA,23-11-2022_10:39:47,
Business Analyst - UX-ANA002978,Genpact,"Bengaluru, Karnataka, India",14 hours ago,https://in.linkedin.com/jobs/view/business-analyst-ux-ana002978-at-genpact-3370808831?refId=swLWs7QyBX9PzVE4rZQ4xw%3D%3D&trackingId=HXok%2B0hJal0U1igbWnWZ8Q%3D%3D&position=17&pageNum=0&trk=public_jobs_jserp-result_search-card,BA,23-11-2022_10:39:47,
Business Analyst - Data Quality-BFS015967,Genpact,"Bengaluru, Karnataka, India",14 hours ago,https://in.linkedin.com/jobs/view/business-analyst-data-quality-bfs015967-at-genpact-3370816398?refId=swLWs7QyBX9PzVE4rZQ4xw%3D%3D&trackingId=yM2Jf%2FdX5qQ22rd%2BMk3AgQ%3D%3D&position=18&pageNum=0&trk=public_jobs_jserp-result_search-card,BA,23-11-2022_10:39:47,
Inside Sales Analyst-Quality analysis,Accenture in India,"Hyderabad, Telangana, India",14 hours ago,https://in.linkedin.com/jobs/view/inside-sales-analyst-quality-analysis-at-accenture-in-india-3309623073?refId=swLWs7QyBX9PzVE4rZQ4xw%3D%3D&trackingId=cLw%2FsuBG5s0T%2BS0pkzIwYg%3D%3D&position=19&pageNum=0&trk=public_jobs_jserp-result_search-card,BA,23-11-2022_10:39:47,
Business Analyst - Big Data,Societe Generale Global Solution Centre,"Bengaluru, Karnataka, India",18 hours ago,https://in.linkedin.com/jobs/view/business-analyst-big-data-at-societe-generale-global-solution-centre-2992947236?refId=swLWs7QyBX9PzVE4rZQ4xw%3D%3D&trackingId=GUrD6n9iB4zxVFHxKbJ3TA%3D%3D&position=20&pageNum=0&trk=public_jobs_jserp-result_search-card,BA,23-11-2022_10:39:47,6+ Years of experience
"Strategy Analyst (Bangkok Based, relocation provided)",Agoda,"Bengaluru, Karnataka, India",14 minutes ago,https://in.linkedin.com/jobs/view/strategy-analyst-bangkok-based-relocation-provided-at-agoda-3368323412?refId=swLWs7QyBX9PzVE4rZQ4xw%3D%3D&trackingId=BFi5%2FoSus6rFPtovmuNlOA%3D%3D&position=21&pageNum=0&trk=public_jobs_jserp-result_search-card,BA,23-11-2022_10:39:47,3 yearsof experience
DG-Business Analyst - Strategic Forecasting-CPG021676,Genpact,"Pune, Maharashtra, India",14 hours ago,https://in.linkedin.com/jobs/view/dg-business-analyst-strategic-forecasting-cpg021676-at-genpact-3370818208?refId=swLWs7QyBX9PzVE4rZQ4xw%3D%3D&trackingId=uDULSyhKhN6q913BzkKb6w%3D%3D&position=22&pageNum=0&trk=public_jobs_jserp-result_search-card,BA,23-11-2022_10:39:47,
IS Technical Analyst II –BI Reporting,Westlake,"Bengaluru, Karnataka, India",20 hours ago,https://in.linkedin.com/jobs/view/is-technical-analyst-ii-%E2%80%93bi-reporting-at-westlake-3370241479?refId=swLWs7QyBX9PzVE4rZQ4xw%3D%3D&trackingId=ud5TgaB4oOLYCxiBOMZYYw%3D%3D&position=24&pageNum=0&trk=public_jobs_jserp-result_search-card,BA,23-11-2022_10:39:47,5 years of experience
Business Analyst - Investment Banking-ANA002582,Genpact,"Gurugram, Haryana, India",14 hours ago,https://in.linkedin.com/jobs/view/business-analyst-investment-banking-ana002582-at-genpact-3370817749?refId=swLWs7QyBX9PzVE4rZQ4xw%3D%3D&trackingId=3h4LLglSKDBqlem8w4WPig%3D%3D&position=25&pageNum=0&trk=public_jobs_jserp-result_search-card,BA,23-11-2022_10:39:47,
Business Analyst,YuppTV Inc.,"Hyderabad, Telangana, India",Just now,https://in.linkedin.com/jobs/view/business-analyst-at-yupptv-inc-3365451017?refId=HBBiUNx%2BSfGdRbcwWnNYJQ%3D%3D&trackingId=Ki0LSbxLC%2B4Ry0aDfV9pkg%3D%3D&position=2&pageNum=0&trk=public_jobs_jserp-result_search-card,BA,23-11-2022_10:39:47,2+ Years of experience
Business Analyst(Python-Data Analytics),Evalueserve,"Gurugram, Haryana, India",23 hours ago,https://in.linkedin.com/jobs/view/business-analyst-python-data-analytics-at-evalueserve-3370172431?refId=Zz%2BuZePTEdxHxeY%2BjGpalw%3D%3D&trackingId=K6Q00RxLXnKSddu8gECE5w%3D%3D&position=6&pageNum=0&trk=public_jobs_jserp-result_search-card,BA,23-11-2022_10:39:47,"3-9 years experience , 3 - 9 Years of experience"
Business Analyst - Power BI Developer-CPG026066,Genpact,"Bengaluru, Karnataka, India",14 hours ago,https://in.linkedin.com/jobs/view/business-analyst-power-bi-developer-cpg026066-at-genpact-3370811772?refId=Zz%2BuZePTEdxHxeY%2BjGpalw%3D%3D&trackingId=QcqtCw5cWPZBEM%2FwQoF0iA%3D%3D&position=15&pageNum=0&trk=public_jobs_jserp-result_search-card,BA,23-11-2022_10:39:47,
Frontend Developer - Angular,Jio,"Navi Mumbai, Maharashtra, India",23 hours ago,https://in.linkedin.com/jobs/view/frontend-developer-angular-at-jio-3331455317?refId=EFGDiAQi4XIuQTeE04Z4XA%3D%3D&trackingId=ppN3NkvU5TCpovx0igGOrQ%3D%3D&position=1&pageNum=0&trk=public_jobs_jserp-result_search-card,FSD,23-11-2022_10:39:47,7+ years of experience
HTML Developer,Infoparks Kerala,"Kochi, Kerala, India",8 hours ago,https://in.linkedin.com/jobs/view/html-developer-at-infoparks-kerala-3367043993?refId=EFGDiAQi4XIuQTeE04Z4XA%3D%3D&trackingId=r7NWw1CBvlf9JTiVENVNQg%3D%3D&position=2&pageNum=0&trk=public_jobs_jserp-result_search-card,FSD,23-11-2022_10:39:47,3 years experience
GSS Infotech - Frontend Developer - HTML/CSS/Javascript,GSS Infotech,Greater Chennai Area,13 hours ago,https://in.linkedin.com/jobs/view/gss-infotech-frontend-developer-html-css-javascript-at-gss-infotech-3364410204?refId=EFGDiAQi4XIuQTeE04Z4XA%3D%3D&trackingId=JRRv%2Bi2e0xSxcf3eXTH8NQ%3D%3D&position=3&pageNum=0&trk=public_jobs_jserp-result_search-card,FSD,23-11-2022_10:39:47,
Full Stack Engineer - Reactjs,Deutsche Bank,"Pune, Maharashtra, India",20 hours ago,https://in.linkedin.com/jobs/view/full-stack-engineer-reactjs-at-deutsche-bank-3329051039?refId=EFGDiAQi4XIuQTeE04Z4XA%3D%3D&trackingId=28SlaA%2FzMQeBj7xs8F8Lfw%3D%3D&position=4&pageNum=0&trk=public_jobs_jserp-result_search-card,FSD,23-11-2022_10:39:47,
Frontend Developer,PloPdo,"Bengaluru, Karnataka, India",22 hours ago,https://in.linkedin.com/jobs/view/frontend-developer-at-plopdo-3366476758?refId=EFGDiAQi4XIuQTeE04Z4XA%3D%3D&trackingId=YhoVH0cZ4ToefzNTxfkdDg%3D%3D&position=5&pageNum=0&trk=public_jobs_jserp-result_search-card,FSD,23-11-2022_10:39:47,
Front-End Engineer,Alcon,"Bengaluru, Karnataka, India",17 hours ago,https://in.linkedin.com/jobs/view/front-end-engineer-at-alcon-3363969183?refId=EFGDiAQi4XIuQTeE04Z4XA%3D%3D&trackingId=tjEzpJQQYmxtrbB%2BkBWwWQ%3D%3D&position=6&pageNum=0&trk=public_jobs_jserp-result_search-card,FSD,23-11-2022_10:39:47,
Full Stack Engineer - Angular,Deutsche Bank,"Pune, Maharashtra, India",20 hours ago,https://in.linkedin.com/jobs/view/full-stack-engineer-angular-at-deutsche-bank-3329050547?refId=EFGDiAQi4XIuQTeE04Z4XA%3D%3D&trackingId=3EC7coLnhyUtvnCqb71qzw%3D%3D&position=7&pageNum=0&trk=public_jobs_jserp-result_search-card,FSD,23-11-2022_10:39:47,
Web Developer Intern,Abhyaz,"Chennai, Tamil Nadu, India",8 hours ago,https://in.linkedin.com/jobs/view/web-developer-intern-at-abhyaz-3371017951?refId=EFGDiAQi4XIuQTeE04Z4XA%3D%3D&trackingId=svbWj8j4Ofven0el3uOd4A%3D%3D&position=8&pageNum=0&trk=public_jobs_jserp-result_search-card,FSD,23-11-2022_10:39:47,
Full Stack Engineer,Oracle,"Bengaluru, Karnataka, India",14 hours ago,https://in.linkedin.com/jobs/view/full-stack-engineer-at-oracle-3366793305?refId=EFGDiAQi4XIuQTeE04Z4XA%3D%3D&trackingId=F1x2oKwqwp6Mce3HWpyyvg%3D%3D&position=9&pageNum=0&trk=public_jobs_jserp-result_search-card,FSD,23-11-2022_10:39:47,
Frontend developer - ReactJS,Kredmint,"Faridabad, Haryana, India",15 hours ago,https://in.linkedin.com/jobs/view/frontend-developer-reactjs-at-kredmint-3366765683?refId=EFGDiAQi4XIuQTeE04Z4XA%3D%3D&trackingId=gmtKjss2JLhF6IAhOPZSNA%3D%3D&position=10&pageNum=0&trk=public_jobs_jserp-result_search-card,FSD,23-11-2022_10:39:47,"experience
2+ years"
Frontend Engineer - ReactJS,Entrata India,"Pune, Maharashtra, India",16 hours ago,https://in.linkedin.com/jobs/view/frontend-engineer-reactjs-at-entrata-india-3338995827?refId=EFGDiAQi4XIuQTeE04Z4XA%3D%3D&trackingId=zGNI28KfKRwlhyL12oo73w%3D%3D&position=11&pageNum=0&trk=public_jobs_jserp-result_search-card,FSD,23-11-2022_10:39:47,"experience
2-4 Years"
Frontend Developer,Pericius Technologies,India,1 hour ago,https://in.linkedin.com/jobs/view/frontend-developer-at-pericius-technologies-3368310328?refId=EFGDiAQi4XIuQTeE04Z4XA%3D%3D&trackingId=cB6%2FjQ7rn%2BRaogK6wIDIIw%3D%3D&position=12&pageNum=0&trk=public_jobs_jserp-result_search-card,FSD,23-11-2022_10:39:47,
Frontend Developer Intern,Quencil Tech Training,India,1 hour ago,https://in.linkedin.com/jobs/view/frontend-developer-intern-at-quencil-tech-training-3368309617?refId=EFGDiAQi4XIuQTeE04Z4XA%3D%3D&trackingId=JuAG%2BeHJE0mq34phtYn0CA%3D%3D&position=13&pageNum=0&trk=public_jobs_jserp-result_search-card,FSD,23-11-2022_10:39:47,
Frontend Developer,Value Research,"Noida, Uttar Pradesh, India",18 hours ago,https://in.linkedin.com/jobs/view/frontend-developer-at-value-research-3366716061?refId=EFGDiAQi4XIuQTeE04Z4XA%3D%3D&trackingId=UK1oK1pACLiHE6g9gWx7Bg%3D%3D&position=14&pageNum=0&trk=public_jobs_jserp-result_search-card,FSD,23-11-2022_10:39:47,
Fresher Java/React Developer - Ref FJRD-I-22,Axelor PVT LTD,"Bengaluru, Karnataka, India",17 hours ago,https://in.linkedin.com/jobs/view/fresher-java-react-developer-ref-fjrd-i-22-at-axelor-pvt-ltd-3350377485?refId=EFGDiAQi4XIuQTeE04Z4XA%3D%3D&trackingId=5y%2BFvg4%2BzLEARUwVVFXFuw%3D%3D&position=15&pageNum=0&trk=public_jobs_jserp-result_search-card,FSD,23-11-2022_10:39:47,
Frontend Developer,Discoveries Quintessential,"Goa, India",23 hours ago,https://in.linkedin.com/jobs/view/frontend-developer-at-discoveries-quintessential-3366462867?refId=EFGDiAQi4XIuQTeE04Z4XA%3D%3D&trackingId=51DqUKHOrPyaxW4EjtKaEA%3D%3D&position=16&pageNum=0&trk=public_jobs_jserp-result_search-card,FSD,23-11-2022_10:39:47,
Frontend Developer,Vimito,"Pune, Maharashtra, India",2 hours ago,https://in.linkedin.com/jobs/view/frontend-developer-at-vimito-3371220967?refId=EFGDiAQi4XIuQTeE04Z4XA%3D%3D&trackingId=Y3oCIcugIN7RTAiAzePgmQ%3D%3D&position=17&pageNum=0&trk=public_jobs_jserp-result_search-card,FSD,23-11-2022_10:39:47,2+ years experience
Frontend Engineer,Karyarth,"Bengaluru, Karnataka, India",41 minutes ago,https://in.linkedin.com/jobs/view/frontend-engineer-at-karyarth-3368317911?refId=EFGDiAQi4XIuQTeE04Z4XA%3D%3D&trackingId=EPAaoYfbJoJIZ1c5iOSBrA%3D%3D&position=18&pageNum=0&trk=public_jobs_jserp-result_search-card,FSD,23-11-2022_10:39:47,4+ years of Previous experience
Full Stack Engineer,Infosys,"Pune, Maharashtra, India",28 minutes ago,https://in.linkedin.com/jobs/view/full-stack-engineer-at-infosys-3371292271?refId=EFGDiAQi4XIuQTeE04Z4XA%3D%3D&trackingId=KtnkyUCai8P3CPkukdHy7w%3D%3D&position=19&pageNum=0&trk=public_jobs_jserp-result_search-card,FSD,23-11-2022_10:39:47,
Frontend Developer,Oxybills Services India Pvt Ltd,India,19 minutes ago,https://in.linkedin.com/jobs/view/frontend-developer-at-oxybills-services-india-pvt-ltd-3365435290?refId=EFGDiAQi4XIuQTeE04Z4XA%3D%3D&trackingId=Xtl4ozv9L0ydjJbhv%2BGwyw%3D%3D&position=20&pageNum=0&trk=public_jobs_jserp-result_search-card,FSD,23-11-2022_10:39:47,
Full-Stack Engineer,Alcon,"Bengaluru, Karnataka, India",17 hours ago,https://in.linkedin.com/jobs/view/full-stack-engineer-at-alcon-3363966556?refId=EFGDiAQi4XIuQTeE04Z4XA%3D%3D&trackingId=ULypuC%2BvgXTR%2BGizACQnlw%3D%3D&position=21&pageNum=0&trk=public_jobs_jserp-result_search-card,FSD,23-11-2022_10:39:47,
Frontend Developer,Rental Cars,India,2 hours ago,https://in.linkedin.com/jobs/view/frontend-developer-at-rental-cars-3364481210?refId=EFGDiAQi4XIuQTeE04Z4XA%3D%3D&trackingId=Imx2Ltj8MvBXMEVGS1xSFQ%3D%3D&position=22&pageNum=0&trk=public_jobs_jserp-result_search-card,FSD,23-11-2022_10:39:47,
Web Developer,Alphaabets Digital Labs,"Bengaluru, Karnataka, India",18 hours ago,https://in.linkedin.com/jobs/view/web-developer-at-alphaabets-digital-labs-3363964306?refId=EFGDiAQi4XIuQTeE04Z4XA%3D%3D&trackingId=BoIc%2BHqhjpb1FVmQXtuzMg%3D%3D&position=23&pageNum=0&trk=public_jobs_jserp-result_search-card,FSD,23-11-2022_10:39:47,
Frontend Developer,Apidel Technologies,"Bengaluru, Karnataka, India",58 minutes ago,https://in.linkedin.com/jobs/view/frontend-developer-at-apidel-technologies-3368315738?refId=EFGDiAQi4XIuQTeE04Z4XA%3D%3D&trackingId=%2Fked%2BlOM%2FX7v9n2FULhb7A%3D%3D&position=24&pageNum=0&trk=public_jobs_jserp-result_search-card,FSD,23-11-2022_10:39:47,
Full Stack Engineer (Junior),Sangoma,"Bengaluru East, Karnataka, India",21 hours ago,https://in.linkedin.com/jobs/view/full-stack-engineer-junior-at-sangoma-3370234071?refId=feVool5iUEIzUiNLZ9QoJA%3D%3D&trackingId=zoJs%2BoQhJDFu%2B8Oe6izIFQ%3D%3D&position=3&pageNum=0&trk=public_jobs_jserp-result_search-card,FSD,23-11-2022_10:39:47,"2 years of experience , 1 years of experience , 1 years of experience , 1 years of experience"
Junior PHP Developer,Sookshum Labs,"Sahibzada Ajit Singh Nagar, Punjab, India",14 hours ago,https://in.linkedin.com/jobs/view/junior-php-developer-at-sookshum-labs-3370829435?refId=feVool5iUEIzUiNLZ9QoJA%3D%3D&trackingId=my7%2FTEhJOcfAcPFXiVcTPA%3D%3D&position=5&pageNum=0&trk=public_jobs_jserp-result_search-card,FSD,23-11-2022_10:39:47,experience required0 to 1 year
Software Developer L2- .NET,Softlink Global,"Mumbai, Maharashtra, India",2 hours ago,https://in.linkedin.com/jobs/view/software-developer-l2-net-at-softlink-global-3371245010?refId=feVool5iUEIzUiNLZ9QoJA%3D%3D&trackingId=eiqVJTfX61Te1gNRn5b1DQ%3D%3D&position=17&pageNum=0&trk=public_jobs_jserp-result_search-card,FSD,23-11-2022_10:39:47,
Full Stack Developer,CaratLane - A Tanishq Partnership,"Chennai, Tamil Nadu, India",15 hours ago,https://in.linkedin.com/jobs/view/full-stack-developer-at-caratlane-a-tanishq-partnership-3363985949?refId=feVool5iUEIzUiNLZ9QoJA%3D%3D&trackingId=oZDZbrKflUsDNP8%2BD0v6jw%3D%3D&position=21&pageNum=0&trk=public_jobs_jserp-result_search-card,FSD,23-11-2022_10:39:47,2 to 6 years experience
PHP Developer,Aecor,"Vadodara, Gujarat, India",15 hours ago,https://in.linkedin.com/jobs/view/php-developer-at-aecor-3363990315?refId=feVool5iUEIzUiNLZ9QoJA%3D%3D&trackingId=ZEbpcOMES%2Fj77zzR3cs7ww%3D%3D&position=22&pageNum=0&trk=public_jobs_jserp-result_search-card,FSD,23-11-2022_10:39:47,
PHP Developer,Harwex Technology Private Limited,"Kozhikode, Kerala, India",15 hours ago,https://in.linkedin.com/jobs/view/php-developer-at-harwex-technology-private-limited-3363996457?refId=73m%2F%2B7rtrjcfK6toj3XiDQ%3D%3D&trackingId=M68hpqN9DR0diOs2QKXc9A%3D%3D&position=1&pageNum=0&trk=public_jobs_jserp-result_search-card,FSD,23-11-2022_10:39:47,
Full Stack Engineer,OptimHire,"Bengaluru, Karnataka, India",18 hours ago,https://in.linkedin.com/jobs/view/full-stack-engineer-at-optimhire-3366702693?refId=73m%2F%2B7rtrjcfK6toj3XiDQ%3D%3D&trackingId=uISWgTWEFWS96FxWUs3OAw%3D%3D&position=2&pageNum=0&trk=public_jobs_jserp-result_search-card,FSD,23-11-2022_10:39:47,3+ years of Relevant Software Engineering experience
Full Stack Developer,Adobe Commerce,"Noida, Uttar Pradesh, India",3 hours ago,https://in.linkedin.com/jobs/view/full-stack-developer-at-adobe-commerce-3367050260?refId=73m%2F%2B7rtrjcfK6toj3XiDQ%3D%3D&trackingId=e9HhMthuStwNnM%2BcsYAmuQ%3D%3D&position=4&pageNum=0&trk=public_jobs_jserp-result_search-card,FSD,23-11-2022_10:39:47,
Full Stack Engineer,IT Company,India,18 hours ago,https://in.linkedin.com/jobs/view/full-stack-engineer-at-it-company-3366711416?refId=73m%2F%2B7rtrjcfK6toj3XiDQ%3D%3D&trackingId=e5uCbXkWWUtFlk%2FxA3Jb4Q%3D%3D&position=6&pageNum=0&trk=public_jobs_jserp-result_search-card,FSD,23-11-2022_10:39:47,
PHP Developer - Mumbai/Kolkata,PESHR,"Mumbai, Maharashtra, India",23 hours ago,https://in.linkedin.com/jobs/view/php-developer-mumbai-kolkata-at-peshr-3366418183?refId=73m%2F%2B7rtrjcfK6toj3XiDQ%3D%3D&trackingId=91Rwo3MZc3eMg6s0HM9PRg%3D%3D&position=7&pageNum=0&trk=public_jobs_jserp-result_search-card,FSD,23-11-2022_10:39:47,
Full Stack Developer,Delta Technology and Management Services Pvt. Ltd.,"Hyderabad, Telangana, India",22 hours ago,https://in.linkedin.com/jobs/view/full-stack-developer-at-delta-technology-and-management-services-pvt-ltd-3363932485?refId=73m%2F%2B7rtrjcfK6toj3XiDQ%3D%3D&trackingId=2OetRnOLoFxPgl6%2Ff6AvGw%3D%3D&position=8&pageNum=0&trk=public_jobs_jserp-result_search-card,FSD,23-11-2022_10:39:47,"3-5 years of prior software development experience , 3-5 years of experience"
.NET FULL STACK Developer-IMMEDIATE JOINERS-BANGALORE,Onward Technologies Limited,"Bengaluru, Karnataka, India",22 hours ago,https://in.linkedin.com/jobs/view/net-full-stack-developer-immediate-joiners-bangalore-at-onward-technologies-limited-3363937141?refId=73m%2F%2B7rtrjcfK6toj3XiDQ%3D%3D&trackingId=wef9G24F6xk6moscXKsgBg%3D%3D&position=10&pageNum=0&trk=public_jobs_jserp-result_search-card,FSD,23-11-2022_10:39:47,
Front End Software Engineer (Angular),Gtmhub,"Indore, Madhya Pradesh, India",18 hours ago,https://in.linkedin.com/jobs/view/front-end-software-engineer-angular-at-gtmhub-3370340430?refId=73m%2F%2B7rtrjcfK6toj3XiDQ%3D%3D&trackingId=eubK8Pfj9gog2dUC3%2Bx0MA%3D%3D&position=11&pageNum=0&trk=public_jobs_jserp-result_search-card,FSD,23-11-2022_10:39:47,"2+ years of relevant work experience
Experience"
Web Developer,TRITORC,"Thane, Maharashtra, India",19 hours ago,https://in.linkedin.com/jobs/view/web-developer-at-tritorc-3338079906?refId=73m%2F%2B7rtrjcfK6toj3XiDQ%3D%3D&trackingId=15sfuunMbusbGnyu5SIjWw%3D%3D&position=12&pageNum=0&trk=public_jobs_jserp-result_search-card,FSD,23-11-2022_10:39:47,
Gloify - Django Developer - Python,Gloify,"Bengaluru, Karnataka, India",13 hours ago,https://in.linkedin.com/jobs/view/gloify-django-developer-python-at-gloify-3364412186?refId=73m%2F%2B7rtrjcfK6toj3XiDQ%3D%3D&trackingId=yeciQYvYy%2FLWz%2F83FZaaPw%3D%3D&position=13&pageNum=0&trk=public_jobs_jserp-result_search-card,FSD,23-11-2022_10:39:47,1+ years experience
Dotnet Developer,Orange Antelopes,"Bhopal, Madhya Pradesh, India",23 hours ago,https://in.linkedin.com/jobs/view/dotnet-developer-at-orange-antelopes-3370168677?refId=73m%2F%2B7rtrjcfK6toj3XiDQ%3D%3D&trackingId=NYqnq9t0Sf49xQEkhio%2BCQ%3D%3D&position=14&pageNum=0&trk=public_jobs_jserp-result_search-card,FSD,23-11-2022_10:39:47,
Full Stack Engineer,1HR Solutions,"Noida, Uttar Pradesh, India",10 hours ago,https://in.linkedin.com/jobs/view/full-stack-engineer-at-1hr-solutions-3367037259?refId=73m%2F%2B7rtrjcfK6toj3XiDQ%3D%3D&trackingId=I3qNtB15hUi0ZVut4zVeng%3D%3D&position=15&pageNum=0&trk=public_jobs_jserp-result_search-card,FSD,23-11-2022_10:39:47,
Full Stack Engineer,ManpowerGroup India,"Hyderabad, Telangana, India",12 hours ago,https://in.linkedin.com/jobs/view/full-stack-engineer-at-manpowergroup-india-3364414953?refId=73m%2F%2B7rtrjcfK6toj3XiDQ%3D%3D&trackingId=p%2B6cK%2FjCyMorSuAoCrEa2A%3D%3D&position=16&pageNum=0&trk=public_jobs_jserp-result_search-card,FSD,23-11-2022_10:39:47,3-10 Years of experience
Associate Software Engineer-PHP,Infoparks Kerala,"Kochi, Kerala, India",8 hours ago,https://in.linkedin.com/jobs/view/associate-software-engineer-php-at-infoparks-kerala-3367045778?refId=73m%2F%2B7rtrjcfK6toj3XiDQ%3D%3D&trackingId=0r2HHf3ak2Rg%2FSN8i%2BReRg%3D%3D&position=17&pageNum=0&trk=public_jobs_jserp-result_search-card,FSD,23-11-2022_10:39:47,"4+ years of experience , 
Experience Required  6 months - 3 year, 
Experience Required  6 months - 3 year, 
Experience  2+ years, 2 years of experience , 2 year experience , 2+ years of experience , 1 years of direct recruiting experience"
Web Development Intern,Skill secure IT solutions,India,21 hours ago,https://in.linkedin.com/jobs/view/web-development-intern-at-skill-secure-it-solutions-3365114283?refId=73m%2F%2B7rtrjcfK6toj3XiDQ%3D%3D&trackingId=4dPa3r1h%2FpvXrCDxBEjI6g%3D%3D&position=18&pageNum=0&trk=public_jobs_jserp-result_search-card,FSD,23-11-2022_10:39:47,
Web Developer,Appstane Technologies,"Surat, Gujarat, India",19 hours ago,https://in.linkedin.com/jobs/view/web-developer-at-appstane-technologies-3366709321?refId=73m%2F%2B7rtrjcfK6toj3XiDQ%3D%3D&trackingId=5x2INO9rp%2FSHfIa5CwfVzQ%3D%3D&position=19&pageNum=0&trk=public_jobs_jserp-result_search-card,FSD,23-11-2022_10:39:47,"1+ years of experience ,  experience of 1+ years"
Junior Fullstack Developer,Hyring.com,"Chennai, Tamil Nadu, India",20 hours ago,https://in.linkedin.com/jobs/view/junior-fullstack-developer-at-hyring-com-3370258920?refId=73m%2F%2B7rtrjcfK6toj3XiDQ%3D%3D&trackingId=11c8NkoZGckC%2FMSRUOrv6A%3D%3D&position=20&pageNum=0&trk=public_jobs_jserp-result_search-card,FSD,23-11-2022_10:39:47,
"Product Developer-C#, .Net, JavaScript",Epicor,"Bengaluru East, Karnataka, India",17 hours ago,https://in.linkedin.com/jobs/view/product-developer-c%23-net-javascript-at-epicor-3370700400?refId=73m%2F%2B7rtrjcfK6toj3XiDQ%3D%3D&trackingId=4kdHtRxMAb9mi%2Bacr6vFIw%3D%3D&position=21&pageNum=0&trk=public_jobs_jserp-result_search-card,FSD,23-11-2022_10:39:47,"3-5 years of experience , 3+ years applicable experience"
PHP Developer,Appzlogic,"Noida, Uttar Pradesh, India",15 hours ago,https://in.linkedin.com/jobs/view/php-developer-at-appzlogic-3363981671?refId=73m%2F%2B7rtrjcfK6toj3XiDQ%3D%3D&trackingId=sqOb2rn68vrygqMKt%2FLkag%3D%3D&position=22&pageNum=0&trk=public_jobs_jserp-result_search-card,FSD,23-11-2022_10:39:47,
Full Stack Developer - Noode.js/Python/React.js,Karyarth,"Pune, Maharashtra, India",13 hours ago,https://in.linkedin.com/jobs/view/full-stack-developer-noode-js-python-react-js-at-karyarth-3364409230?refId=73m%2F%2B7rtrjcfK6toj3XiDQ%3D%3D&trackingId=H6jZmyJahexDfMd3P3XEyQ%3D%3D&position=24&pageNum=0&trk=public_jobs_jserp-result_search-card,FSD,23-11-2022_10:39:47,
"Manager, Product Analytics",Pine Labs,"Gurugram, Haryana, India",21 hours ago,https://in.linkedin.com/jobs/view/manager-product-analytics-at-pine-labs-3366700121?refId=yfSiT6u9KUN%2BgH%2F%2BeCbKNg%3D%3D&trackingId=BelRVmXRsHswqmdPBhF5Ag%3D%3D&position=1&pageNum=0&trk=public_jobs_jserp-result_search-card,PM,23-11-2022_10:39:47,2-4 years of experience
Associate Product Manager,Novopay,"Bengaluru, Karnataka, India",19 hours ago,https://in.linkedin.com/jobs/view/associate-product-manager-at-novopay-3370283880?refId=yfSiT6u9KUN%2BgH%2F%2BeCbKNg%3D%3D&trackingId=QldCHN%2FWVBlLd5KQhYYmkA%3D%3D&position=2&pageNum=0&trk=public_jobs_jserp-result_search-card,PM,23-11-2022_10:39:47,Experience of 5+ years
Associate Product Manager,My3dMeta,"Bengaluru, Karnataka, India",21 hours ago,https://in.linkedin.com/jobs/view/associate-product-manager-at-my3dmeta-3363935432?refId=yfSiT6u9KUN%2BgH%2F%2BeCbKNg%3D%3D&trackingId=ATC724UvDx1vUvt4hW5irg%3D%3D&position=3&pageNum=0&trk=public_jobs_jserp-result_search-card,PM,23-11-2022_10:39:47,0-2 years of experience
Product Manager,TrainerGoesOnline,India,18 hours ago,https://in.linkedin.com/jobs/view/product-manager-at-trainergoesonline-3361377839?refId=yfSiT6u9KUN%2BgH%2F%2BeCbKNg%3D%3D&trackingId=da2jqaGI7E%2Bxj2AtQWJp2w%3D%3D&position=4&pageNum=0&trk=public_jobs_jserp-result_search-card,PM,23-11-2022_10:39:47,
Product Manager,Zynga,"Bengaluru, Karnataka, India",18 hours ago,https://in.linkedin.com/jobs/view/product-manager-at-zynga-3338296459?refId=yfSiT6u9KUN%2BgH%2F%2BeCbKNg%3D%3D&trackingId=r5cDOs5c23UOK45%2F2Hb%2BBA%3D%3D&position=5&pageNum=0&trk=public_jobs_jserp-result_search-card,PM,23-11-2022_10:39:47,
Product Manager,Protium,Mumbai Metropolitan Region,16 hours ago,https://in.linkedin.com/jobs/view/product-manager-at-protium-3370771476?refId=yfSiT6u9KUN%2BgH%2F%2BeCbKNg%3D%3D&trackingId=YuKPCcJCDzurTL%2B08IDpCw%3D%3D&position=6&pageNum=0&trk=public_jobs_jserp-result_search-card,PM,23-11-2022_10:39:47,
Product Manager,Accacia,"Bengaluru, Karnataka, India",20 minutes ago,https://in.linkedin.com/jobs/view/product-manager-at-accacia-3365432445?refId=yfSiT6u9KUN%2BgH%2F%2BeCbKNg%3D%3D&trackingId=JNhkbDpOSN0WdLW4zrwCKw%3D%3D&position=7&pageNum=0&trk=public_jobs_jserp-result_search-card,PM,23-11-2022_10:39:47,
Product Manager - Embedded Finance/Fintech/Payment/Wallet Platform (BaaS) - Core,Nium,"Bengaluru, Karnataka, India",21 hours ago,https://in.linkedin.com/jobs/view/product-manager-embedded-finance-fintech-payment-wallet-platform-baas-core-at-nium-3370232408?refId=yfSiT6u9KUN%2BgH%2F%2BeCbKNg%3D%3D&trackingId=0W4G%2B8cq4CEn9tp0df1qyg%3D%3D&position=8&pageNum=0&trk=public_jobs_jserp-result_search-card,PM,23-11-2022_10:39:47,3 years of experience
Product Manager,shopflo,"Bengaluru, Karnataka, India",15 hours ago,https://in.linkedin.com/jobs/view/product-manager-at-shopflo-3363987754?refId=yfSiT6u9KUN%2BgH%2F%2BeCbKNg%3D%3D&trackingId=nyCvnx3OKxVsAraa5FeLag%3D%3D&position=9&pageNum=0&trk=public_jobs_jserp-result_search-card,PM,23-11-2022_10:39:47,
Product Manager-B2B SAAS,Antal International,"Bengaluru, Karnataka, India",8 hours ago,https://in.linkedin.com/jobs/view/product-manager-b2b-saas-at-antal-international-3364453340?refId=yfSiT6u9KUN%2BgH%2F%2BeCbKNg%3D%3D&trackingId=fY4HP%2FIdacjNrCf%2FzrTl%2BA%3D%3D&position=10&pageNum=0&trk=public_jobs_jserp-result_search-card,PM,23-11-2022_10:39:47,experience of not less than 3 years
Product Manager,Ford Motor Company,"Chennai, Tamil Nadu, India",22 hours ago,https://in.linkedin.com/jobs/view/product-manager-at-ford-motor-company-3370173401?refId=yfSiT6u9KUN%2BgH%2F%2BeCbKNg%3D%3D&trackingId=tcMGGI%2Fgoe2g9uCPboCJMQ%3D%3D&position=11&pageNum=0&trk=public_jobs_jserp-result_search-card,PM,23-11-2022_10:39:47,
Associate Product Manager - Integrations,Hubilo,Greater Rajkot Area,3 hours ago,https://in.linkedin.com/jobs/view/associate-product-manager-integrations-at-hubilo-3371212177?refId=yfSiT6u9KUN%2BgH%2F%2BeCbKNg%3D%3D&trackingId=dyPJcwjdFhy8TZzGKoyCDA%3D%3D&position=13&pageNum=0&trk=public_jobs_jserp-result_search-card,PM,23-11-2022_10:39:47,"Experience



Must have 2 years"
Associate Product Manager,Ellucian,"Bengaluru, Karnataka, India",15 hours ago,https://in.linkedin.com/jobs/view/associate-product-manager-at-ellucian-3370790757?refId=yfSiT6u9KUN%2BgH%2F%2BeCbKNg%3D%3D&trackingId=HCQ3oF0UPa5OoJNarRSOcw%3D%3D&position=14&pageNum=0&trk=public_jobs_jserp-result_search-card,PM,23-11-2022_10:39:47,"1-2 years experience , 2+ years experience"
Betterhalf - Product Manager,Betterhalf,"Bengaluru, Karnataka, India",13 hours ago,https://in.linkedin.com/jobs/view/betterhalf-product-manager-at-betterhalf-3364409222?refId=yfSiT6u9KUN%2BgH%2F%2BeCbKNg%3D%3D&trackingId=8xJLSHcAqayRzfRMXFun8g%3D%3D&position=16&pageNum=0&trk=public_jobs_jserp-result_search-card,PM,23-11-2022_10:39:47,2-3 years proven experience
Product Manager,GenXHire Services Private Limited,"Mumbai, Maharashtra, India",18 hours ago,https://in.linkedin.com/jobs/view/product-manager-at-genxhire-services-private-limited-3366711014?refId=yfSiT6u9KUN%2BgH%2F%2BeCbKNg%3D%3D&trackingId=6e1W%2FMSdae%2BvKurcJ%2BCj5Q%3D%3D&position=17&pageNum=0&trk=public_jobs_jserp-result_search-card,PM,23-11-2022_10:39:47,Experience  1 years to 4 years
Product Manager,Embridge Solutions,"Chennai, Tamil Nadu, India",23 hours ago,https://in.linkedin.com/jobs/view/product-manager-at-embridge-solutions-3370167826?refId=yfSiT6u9KUN%2BgH%2F%2BeCbKNg%3D%3D&trackingId=qXyu%2F2eH4Kjk3vT4EbSeVw%3D%3D&position=18&pageNum=0&trk=public_jobs_jserp-result_search-card,PM,23-11-2022_10:39:47,
Product Manager,Optum,"Bengaluru, Karnataka, India",5 hours ago,https://in.linkedin.com/jobs/view/product-manager-at-optum-3371080945?refId=yfSiT6u9KUN%2BgH%2F%2BeCbKNg%3D%3D&trackingId=I8tcKQ%2Fv%2FoJyOEYg9xbFFA%3D%3D&position=19&pageNum=0&trk=public_jobs_jserp-result_search-card,PM,23-11-2022_10:39:47,0 + years of Product ManagementOwner experience
Digital Product Manager,Gipfel & Schnell Consultings Pvt Ltd,"Bengaluru, Karnataka, India",5 hours ago,https://in.linkedin.com/jobs/view/digital-product-manager-at-gipfel-schnell-consultings-pvt-ltd-3367077008?refId=yfSiT6u9KUN%2BgH%2F%2BeCbKNg%3D%3D&trackingId=VsCmDAGzPtHB0LpnHXbU3Q%3D%3D&position=20&pageNum=0&trk=public_jobs_jserp-result_search-card,PM,23-11-2022_10:39:47,
Product Manager,PHAEDRUS LIFE SCIENCE PVT LTD,"Ahmedabad, Gujarat, India",20 hours ago,https://in.linkedin.com/jobs/view/product-manager-at-phaedrus-life-science-pvt-ltd-3366703204?refId=yfSiT6u9KUN%2BgH%2F%2BeCbKNg%3D%3D&trackingId=fW6I5rfYt4PE4p14hrzepA%3D%3D&position=21&pageNum=0&trk=public_jobs_jserp-result_search-card,PM,23-11-2022_10:39:47,
DevOps Product Manager,forhyre.com,Greater Kolkata Area,13 hours ago,https://in.linkedin.com/jobs/view/devops-product-manager-at-forhyre-com-3370891181?refId=yfSiT6u9KUN%2BgH%2F%2BeCbKNg%3D%3D&trackingId=yrTBqnVaKUWarHcYjWa8JA%3D%3D&position=22&pageNum=0&trk=public_jobs_jserp-result_search-card,PM,23-11-2022_10:39:47,5+ years of Product Management experience
Assistant Manager / Deputy Manager Product Development,ManipalCigna Health Insurance Company Ltd.,"Mumbai, Maharashtra, India",19 hours ago,https://in.linkedin.com/jobs/view/assistant-manager-deputy-manager-product-development-at-manipalcigna-health-insurance-company-ltd-3366701840?refId=yfSiT6u9KUN%2BgH%2F%2BeCbKNg%3D%3D&trackingId=DpZbx2hLTcKakYrOrWnUTQ%3D%3D&position=23&pageNum=0&trk=public_jobs_jserp-result_search-card,PM,23-11-2022_10:39:47,1 to 2 years of work experience
Associate- GTM Transformation,Bain & Company,"Gurugram, Haryana, India",18 hours ago,https://in.linkedin.com/jobs/view/associate-gtm-transformation-at-bain-company-3366710668?refId=yfSiT6u9KUN%2BgH%2F%2BeCbKNg%3D%3D&trackingId=Ko%2BDs31nEz%2FWqmrX1IxW4A%3D%3D&position=24&pageNum=0&trk=public_jobs_jserp-result_search-card,PM,23-11-2022_10:39:47,
Product & Application Development Manager,Siemens Technology India,"Thane, Maharashtra, India",13 hours ago,https://in.linkedin.com/jobs/view/product-application-development-manager-at-siemens-technology-india-3364402678?refId=yfSiT6u9KUN%2BgH%2F%2BeCbKNg%3D%3D&trackingId=FtdYpP3kv76EC7siXMYOEQ%3D%3D&position=25&pageNum=0&trk=public_jobs_jserp-result_search-card,PM,23-11-2022_10:39:47,
Product Control,Acuity Knowledge Partners,"Gurugram, Haryana, India",21 hours ago,https://in.linkedin.com/jobs/view/product-control-at-acuity-knowledge-partners-3363933869?refId=LHD%2FQmOPYfGUMP%2F5NEj90Q%3D%3D&trackingId=%2FBxZDnznD%2F5JHJakgtYpGQ%3D%3D&position=24&pageNum=0&trk=public_jobs_jserp-result_search-card,PM,23-11-2022_10:39:47,4-6 years of Control function experience
Software Development Engineer II,Great Manager Institute®,"Mumbai, Maharashtra, India",17 hours ago,https://in.linkedin.com/jobs/view/software-development-engineer-ii-at-great-manager-institute%C2%AE-3366713838?refId=xC%2BHa3D%2F9qnwY6xC7Qrl5A%3D%3D&trackingId=9JRrbNOEP3uBKOd9CGyT8Q%3D%3D&position=1&pageNum=0&trk=public_jobs_jserp-result_search-card,PM,23-11-2022_10:39:47,5+ years overall experience
Technology Associate/CRM Developer (IR Tech),D. E. Shaw India Private Limited,"Hyderabad, Telangana, India",17 hours ago,https://in.linkedin.com/jobs/view/technology-associate-crm-developer-ir-tech-at-d-e-shaw-india-private-limited-3277259111?refId=xC%2BHa3D%2F9qnwY6xC7Qrl5A%3D%3D&trackingId=nQhFmD8pIVVEkmeBKBeYxg%3D%3D&position=4&pageNum=0&trk=public_jobs_jserp-result_search-card,PM,23-11-2022_10:39:47,
VLSI Engineer,Wipro,"Bengaluru, Karnataka, India",21 hours ago,https://in.linkedin.com/jobs/view/vlsi-engineer-at-wipro-3363939543?refId=xC%2BHa3D%2F9qnwY6xC7Qrl5A%3D%3D&trackingId=pAF9%2Fln6Pm8cbYaIbsPkew%3D%3D&position=5&pageNum=0&trk=public_jobs_jserp-result_search-card,PM,23-11-2022_10:39:47,
Oracle DBA,Kyndryl India,Greater Kolkata Area,14 hours ago,https://in.linkedin.com/jobs/view/oracle-dba-at-kyndryl-india-3324021574?refId=xC%2BHa3D%2F9qnwY6xC7Qrl5A%3D%3D&trackingId=Wrjg24bmgnjccsvCqwCrlg%3D%3D&position=6&pageNum=0&trk=public_jobs_jserp-result_search-card,PM,23-11-2022_10:39:47,5-12 years of relevant experience.
"Analyst or Senior Analyst or Associate Manager(Bangkok Based, relocation provided)",Agoda,"Bengaluru, Karnataka, India",15 minutes ago,https://in.linkedin.com/jobs/view/analyst-or-senior-analyst-or-associate-manager-bangkok-based-relocation-provided-at-agoda-3368324669?refId=xC%2BHa3D%2F9qnwY6xC7Qrl5A%3D%3D&trackingId=2lCZvSHRCFpez7j0tDtWxA%3D%3D&position=7&pageNum=0&trk=public_jobs_jserp-result_search-card,PM,23-11-2022_10:39:47,
R&D/PRODUCT DVL ENGINEER II,TE Connectivity,"Bengaluru, Karnataka, India",5 hours ago,https://in.linkedin.com/jobs/view/r-d-product-dvl-engineer-ii-at-te-connectivity-3366471087?refId=xC%2BHa3D%2F9qnwY6xC7Qrl5A%3D%3D&trackingId=jiumm%2Fd179pXvQxR8G45Tw%3D%3D&position=9&pageNum=0&trk=public_jobs_jserp-result_search-card,PM,23-11-2022_10:39:47,
Manager - Digital Strategy,Shemaroo Entertainment Ltd.,"Mumbai, Maharashtra, India",19 minutes ago,https://in.linkedin.com/jobs/view/manager-digital-strategy-at-shemaroo-entertainment-ltd-3371293465?refId=xC%2BHa3D%2F9qnwY6xC7Qrl5A%3D%3D&trackingId=codYi4b1rxTYUm%2Bl%2F%2Fv0xw%3D%3D&position=10&pageNum=0&trk=public_jobs_jserp-result_search-card,PM,23-11-2022_10:39:47,5+ years of working experience
"Senior Analyst or Associate Manager- Strategic Partnership (Bangkok based, relocation provided)",Agoda,"Bengaluru, Karnataka, India",15 minutes ago,https://in.linkedin.com/jobs/view/senior-analyst-or-associate-manager-strategic-partnership-bangkok-based-relocation-provided-at-agoda-3368323530?refId=xC%2BHa3D%2F9qnwY6xC7Qrl5A%3D%3D&trackingId=vuPL7tuFsZ5VuEIZhJFjwA%3D%3D&position=12&pageNum=0&trk=public_jobs_jserp-result_search-card,PM,23-11-2022_10:39:47,4 years of total experience
Product Marketing Manager,Zynga,"Bengaluru, Karnataka, India",23 hours ago,https://in.linkedin.com/jobs/view/product-marketing-manager-at-zynga-3370162207?refId=xC%2BHa3D%2F9qnwY6xC7Qrl5A%3D%3D&trackingId=VqPce7XvW6amLdjJwnmGvQ%3D%3D&position=14&pageNum=0&trk=public_jobs_jserp-result_search-card,PM,23-11-2022_10:39:47,
Sales Engineer,V4U HR SOLUTIONS.COM,"Hyderabad, Telangana, India",23 hours ago,https://in.linkedin.com/jobs/view/sales-engineer-at-v4u-hr-solutions-com-3366415367?refId=xC%2BHa3D%2F9qnwY6xC7Qrl5A%3D%3D&trackingId=Gg0RRZLaW5VXYh%2BaHR%2B85Q%3D%3D&position=15&pageNum=0&trk=public_jobs_jserp-result_search-card,PM,23-11-2022_10:39:47,
Senior Manager - AI/ML-ANA002973,Genpact,"Bengaluru, Karnataka, India",14 hours ago,https://in.linkedin.com/jobs/view/senior-manager-ai-ml-ana002973-at-genpact-3370812639?refId=xC%2BHa3D%2F9qnwY6xC7Qrl5A%3D%3D&trackingId=kkvFJxHXWZ64EXKszUQlBA%3D%3D&position=16&pageNum=0&trk=public_jobs_jserp-result_search-card,PM,23-11-2022_10:39:47,6+ years of relevant experience
Assistant Brand Manager - New Categories,Britannia Industries Limited,"Bengaluru, Karnataka, India",11 hours ago,https://in.linkedin.com/jobs/view/assistant-brand-manager-new-categories-at-britannia-industries-limited-3364433596?refId=xC%2BHa3D%2F9qnwY6xC7Qrl5A%3D%3D&trackingId=6iaAKoSAAl0jSCMQusTzcw%3D%3D&position=21&pageNum=0&trk=public_jobs_jserp-result_search-card,PM,23-11-2022_10:39:47,
Assistant manager_Senior Engineer_Test Environment Analyst_Pune,_VOIS,"Pune, Maharashtra, India",19 hours ago,https://in.linkedin.com/jobs/view/assistant-manager-senior-engineer-test-environment-analyst-pune-at-vois-3366705208?refId=xC%2BHa3D%2F9qnwY6xC7Qrl5A%3D%3D&trackingId=jpH11isHp0jf9MIPKoK1mg%3D%3D&position=22&pageNum=0&trk=public_jobs_jserp-result_search-card,PM,23-11-2022_10:39:47,
Associate I SQA Engineer,IHS Markit,"Noida, Uttar Pradesh, India",12 hours ago,https://in.linkedin.com/jobs/view/associate-i-sqa-engineer-at-ihs-markit-3367001452?refId=xC%2BHa3D%2F9qnwY6xC7Qrl5A%3D%3D&trackingId=Vc3gxxEWvEuzOrHxTG2Dag%3D%3D&position=24&pageNum=0&trk=public_jobs_jserp-result_search-card,PM,23-11-2022_10:39:47,
Software Quality Engineer,Adobe,"Noida, Uttar Pradesh, India",16 hours ago,https://in.linkedin.com/jobs/view/software-quality-engineer-at-adobe-3276068662?refId=fqQaVDlraWbzFAUoyGLUYg%3D%3D&trackingId=1m3Yto4WAUSRKvEe0g6PGQ%3D%3D&position=1&pageNum=0&trk=public_jobs_jserp-result_search-card,SD,23-11-2022_10:39:47,
Software Engineer I,Mastercard,"Pune, Maharashtra, India",17 hours ago,https://in.linkedin.com/jobs/view/software-engineer-i-at-mastercard-3336110165?refId=fqQaVDlraWbzFAUoyGLUYg%3D%3D&trackingId=%2Fzaf%2FrIy9HPvhZSFPmkoqw%3D%3D&position=2&pageNum=0&trk=public_jobs_jserp-result_search-card,SD,23-11-2022_10:39:47,
Software Engineer,PhonePe,"Bengaluru, Karnataka, India",20 hours ago,https://in.linkedin.com/jobs/view/software-engineer-at-phonepe-3351997521?refId=fqQaVDlraWbzFAUoyGLUYg%3D%3D&trackingId=NpJ70I5CY1sTk1j8SEi7ag%3D%3D&position=3&pageNum=0&trk=public_jobs_jserp-result_search-card,SD,23-11-2022_10:39:47,9+ years of experience
Software Engineer - MERN Fresher,Anakin,"Bengaluru, Karnataka, India",15 hours ago,https://in.linkedin.com/jobs/view/software-engineer-mern-fresher-at-anakin-3370806692?refId=fqQaVDlraWbzFAUoyGLUYg%3D%3D&trackingId=22%2BlQ6hDWrKb1ZbBYtDsgA%3D%3D&position=5&pageNum=0&trk=public_jobs_jserp-result_search-card,SD,23-11-2022_10:39:47,0-1 years of experience
Python Developer,ReBid,"Bengaluru North, Karnataka, India",15 hours ago,https://in.linkedin.com/jobs/view/python-developer-at-rebid-3366762972?refId=fqQaVDlraWbzFAUoyGLUYg%3D%3D&trackingId=na61ruK8wx7kPlZULVMYZw%3D%3D&position=6&pageNum=0&trk=public_jobs_jserp-result_search-card,SD,23-11-2022_10:39:47,1-3 years of experience
Python Developer,Hyrhub,"Bengaluru North, Karnataka, India",15 hours ago,https://in.linkedin.com/jobs/view/python-developer-at-hyrhub-3366769008?refId=fqQaVDlraWbzFAUoyGLUYg%3D%3D&trackingId=7sO9lLY2TFsnhSOFOhYDDQ%3D%3D&position=7&pageNum=0&trk=public_jobs_jserp-result_search-card,SD,23-11-2022_10:39:47,1-3 years of working experience
Software Engineer,Productiv,"New Delhi, Delhi, India",7 hours ago,https://in.linkedin.com/jobs/view/software-engineer-at-productiv-3371031532?refId=fqQaVDlraWbzFAUoyGLUYg%3D%3D&trackingId=LWsPOn6I4oKh%2FQ97Q5gTHg%3D%3D&position=8&pageNum=0&trk=public_jobs_jserp-result_search-card,SD,23-11-2022_10:39:47,
Software Engineer,NTT,"Bengaluru, Karnataka, India",15 hours ago,https://in.linkedin.com/jobs/view/software-engineer-at-ntt-3370793906?refId=fqQaVDlraWbzFAUoyGLUYg%3D%3D&trackingId=25TVqDonoih8yS8UjFuKUg%3D%3D&position=9&pageNum=0&trk=public_jobs_jserp-result_search-card,SD,23-11-2022_10:39:47,
Staqu Technologies - Software Developer - Python/Django,Staqu Technologies,"Gurugram, Haryana, India",13 hours ago,https://in.linkedin.com/jobs/view/staqu-technologies-software-developer-python-django-at-staqu-technologies-3364405996?refId=fqQaVDlraWbzFAUoyGLUYg%3D%3D&trackingId=qrGBQ%2FH%2FPHEyv71dIH%2FoHA%3D%3D&position=10&pageNum=0&trk=public_jobs_jserp-result_search-card,SD,23-11-2022_10:39:47,
Full Stack Engineer (Junior),Sangoma,"Bengaluru East, Karnataka, India",21 hours ago,https://in.linkedin.com/jobs/view/full-stack-engineer-junior-at-sangoma-3370234071?refId=fqQaVDlraWbzFAUoyGLUYg%3D%3D&trackingId=WywaSyPKLlmGxZgmB8OK7A%3D%3D&position=11&pageNum=0&trk=public_jobs_jserp-result_search-card,SD,23-11-2022_10:39:47,"2 years of experience , 1 years of experience , 1 years of experience , 1 years of experience"
Java Developer,Infosys,India,57 minutes ago,https://in.linkedin.com/jobs/view/java-developer-at-infosys-3371262211?refId=fqQaVDlraWbzFAUoyGLUYg%3D%3D&trackingId=6%2BfH821XCNr0AdtVbgVtdw%3D%3D&position=12&pageNum=0&trk=public_jobs_jserp-result_search-card,SD,23-11-2022_10:39:47,"4+ years Experience , 2+ years experience , 1+ years experience"
HTML Developer,Infoparks Kerala,"Kochi, Kerala, India",8 hours ago,https://in.linkedin.com/jobs/view/html-developer-at-infoparks-kerala-3367043993?refId=fqQaVDlraWbzFAUoyGLUYg%3D%3D&trackingId=NrdRG%2FTVd8eso90vJ7EuIA%3D%3D&position=13&pageNum=0&trk=public_jobs_jserp-result_search-card,SD,23-11-2022_10:39:47,
Fresher Software Developer,SharpHeads,"Noida, Uttar Pradesh, India",13 hours ago,https://in.linkedin.com/jobs/view/fresher-software-developer-at-sharpheads-3370829800?refId=fqQaVDlraWbzFAUoyGLUYg%3D%3D&trackingId=xmPl0JMknBL5q%2Fugt4iySw%3D%3D&position=14&pageNum=0&trk=public_jobs_jserp-result_search-card,SD,23-11-2022_10:39:47,
SDET,Alation,"Bengaluru, Karnataka, India",3 hours ago,https://in.linkedin.com/jobs/view/sdet-at-alation-3371202061?refId=fqQaVDlraWbzFAUoyGLUYg%3D%3D&trackingId=X0FurmKcTI8rXrSILieM1A%3D%3D&position=16&pageNum=0&trk=public_jobs_jserp-result_search-card,SD,23-11-2022_10:39:47,
Software Engineer,Productiv,"Bengaluru, Karnataka, India",7 hours ago,https://in.linkedin.com/jobs/view/software-engineer-at-productiv-3371035115?refId=fqQaVDlraWbzFAUoyGLUYg%3D%3D&trackingId=SEVxU%2F1Udh1kcauCuuGpEQ%3D%3D&position=17&pageNum=0&trk=public_jobs_jserp-result_search-card,SD,23-11-2022_10:39:47,
Frontend Developer - Angular,Jio,"Navi Mumbai, Maharashtra, India",23 hours ago,https://in.linkedin.com/jobs/view/frontend-developer-angular-at-jio-3331455317?refId=fqQaVDlraWbzFAUoyGLUYg%3D%3D&trackingId=09jsYAooH2xXMP1qr2JGlA%3D%3D&position=18&pageNum=0&trk=public_jobs_jserp-result_search-card,SD,23-11-2022_10:39:47,
Software Developer,BrandGuru Media,"Vasai Virar, Maharashtra, India",21 hours ago,https://in.linkedin.com/jobs/view/software-developer-at-brandguru-media-3366486953?refId=fqQaVDlraWbzFAUoyGLUYg%3D%3D&trackingId=A9QOzGiWOL9r9dG2ka9voQ%3D%3D&position=19&pageNum=0&trk=public_jobs_jserp-result_search-card,SD,23-11-2022_10:39:47,
Software Dev Engineer I,Verisk,"Hyderabad, Telangana, India",18 hours ago,https://in.linkedin.com/jobs/view/software-dev-engineer-i-at-verisk-3330771026?refId=fqQaVDlraWbzFAUoyGLUYg%3D%3D&trackingId=%2Fll0j8wVoN2LEqgHS5BwRQ%3D%3D&position=20&pageNum=0&trk=public_jobs_jserp-result_search-card,SD,23-11-2022_10:39:47,3 - 6 years of experience
Python Developer-Initially Remote,CodersBrain,"Bengaluru, Karnataka, India",21 hours ago,https://in.linkedin.com/jobs/view/python-developer-initially-remote-at-codersbrain-3363936461?refId=fqQaVDlraWbzFAUoyGLUYg%3D%3D&trackingId=i%2Fy4iE%2BnWTJvnafAlglE7Q%3D%3D&position=21&pageNum=0&trk=public_jobs_jserp-result_search-card,SD,23-11-2022_10:39:47,"experience.
4+ years"
Software Engineer,Kofax,"Hyderabad, Telangana, India",4 hours ago,https://in.linkedin.com/jobs/view/software-engineer-at-kofax-3367037109?refId=fqQaVDlraWbzFAUoyGLUYg%3D%3D&trackingId=lVoDcUkEYB68of6TgHjChQ%3D%3D&position=22&pageNum=0&trk=public_jobs_jserp-result_search-card,SD,23-11-2022_10:39:47,3-5 years relevant technical experience
Freshers - Software Development,Infoparks Kerala,"Kochi, Kerala, India",8 hours ago,https://in.linkedin.com/jobs/view/freshers-software-development-at-infoparks-kerala-3367044888?refId=fqQaVDlraWbzFAUoyGLUYg%3D%3D&trackingId=59P%2Fpb%2Fve%2BbvnVt%2FD9OmOg%3D%3D&position=23&pageNum=0&trk=public_jobs_jserp-result_search-card,SD,23-11-2022_10:39:47,
Software Developer,nVent,"Mumbai, Maharashtra, India",15 hours ago,https://in.linkedin.com/jobs/view/software-developer-at-nvent-3370775738?refId=fqQaVDlraWbzFAUoyGLUYg%3D%3D&trackingId=fFofuQjh0wmbhnSUmNOYSw%3D%3D&position=24&pageNum=0&trk=public_jobs_jserp-result_search-card,SD,23-11-2022_10:39:47,
Java Developer - J2EE/Spring/Hibernate,Huptech HR Solutions,"Pune, Maharashtra, India",13 hours ago,https://in.linkedin.com/jobs/view/java-developer-j2ee-spring-hibernate-at-huptech-hr-solutions-3364409246?refId=fqQaVDlraWbzFAUoyGLUYg%3D%3D&trackingId=m6bSCPOfO8dLNxkdutZtkQ%3D%3D&position=25&pageNum=0&trk=public_jobs_jserp-result_search-card,SD,23-11-2022_10:39:47,1-6 years development experience
Software Engineer,Cognizant,"Pune, Maharashtra, India",19 hours ago,https://in.linkedin.com/jobs/view/software-engineer-at-cognizant-3370268783?refId=65FtKGFO57pG4Td3RxzA%2Bg%3D%3D&trackingId=SSYXp6zhmHHyE%2BrESuHjsw%3D%3D&position=12&pageNum=0&trk=public_jobs_jserp-result_search-card,SD,23-11-2022_10:39:47,
Java Developer,albanero,"Hyderabad, Telangana, India",10 hours ago,https://in.linkedin.com/jobs/view/java-developer-at-albanero-3370996217?refId=65FtKGFO57pG4Td3RxzA%2Bg%3D%3D&trackingId=KIlOJtgN5ftaaW1NVFBoYA%3D%3D&position=18&pageNum=0&trk=public_jobs_jserp-result_search-card,SD,23-11-2022_10:39:47,3 years of experience
Full Stack Engineer,Oracle,"Bengaluru, Karnataka, India",14 hours ago,https://in.linkedin.com/jobs/view/full-stack-engineer-at-oracle-3366793305?refId=65FtKGFO57pG4Td3RxzA%2Bg%3D%3D&trackingId=GuSddSsW50yiplDstMUswQ%3D%3D&position=22&pageNum=0&trk=public_jobs_jserp-result_search-card,SD,23-11-2022_10:39:47,
Full Stack Engineer - Reactjs,Deutsche Bank,"Pune, Maharashtra, India",20 hours ago,https://in.linkedin.com/jobs/view/full-stack-engineer-reactjs-at-deutsche-bank-3329051039?refId=65FtKGFO57pG4Td3RxzA%2Bg%3D%3D&trackingId=DGjiwKghqGsKWySstpPq%2FA%3D%3D&position=24&pageNum=0&trk=public_jobs_jserp-result_search-card,SD,23-11-2022_10:39:47,
Software Engineer,insightsoftware,"Hyderabad, Telangana, India",17 hours ago,https://in.linkedin.com/jobs/view/software-engineer-at-insightsoftware-3309410627?refId=65FtKGFO57pG4Td3RxzA%2Bg%3D%3D&trackingId=%2B9Uy3UP5RU5QJrC32llZow%3D%3D&position=25&pageNum=0&trk=public_jobs_jserp-result_search-card,SD,23-11-2022_10:39:47,
Java Software Engineer,Infosys,India,58 minutes ago,https://in.linkedin.com/jobs/view/java-software-engineer-at-infosys-3371262120?refId=fD3TOxjx2jWZaRHwQ3r8Eg%3D%3D&trackingId=etBFWp%2FeLNK4%2FwlVxJ03KQ%3D%3D&position=17&pageNum=0&trk=public_jobs_jserp-result_search-card,SD,23-11-2022_10:39:47,
Full Stack Engineer - Angular,Deutsche Bank,"Pune, Maharashtra, India",20 hours ago,https://in.linkedin.com/jobs/view/full-stack-engineer-angular-at-deutsche-bank-3329050547?refId=fD3TOxjx2jWZaRHwQ3r8Eg%3D%3D&trackingId=9suZGdzzim0tcs4D0eVCSA%3D%3D&position=22&pageNum=0&trk=public_jobs_jserp-result_search-card,SD,23-11-2022_10:39:47,
Associate Software Engineer,Netrix Global,"Pune, Maharashtra, India",12 hours ago,https://in.linkedin.com/jobs/view/associate-software-engineer-at-netrix-global-3212248854?refId=fD3TOxjx2jWZaRHwQ3r8Eg%3D%3D&trackingId=6hxqjiOtDrdEjYwFKMekBQ%3D%3D&position=23&pageNum=0&trk=public_jobs_jserp-result_search-card,SD,23-11-2022_10:39:47,
Software Engineer,IndiQube,"Bengaluru, Karnataka, India",19 minutes ago,https://in.linkedin.com/jobs/view/software-engineer-at-indiqube-3365431905?refId=fD3TOxjx2jWZaRHwQ3r8Eg%3D%3D&trackingId=kMputtJp2FB9%2BJFpjwor%2BQ%3D%3D&position=24&pageNum=0&trk=public_jobs_jserp-result_search-card,SD,23-11-2022_10:39:47,
SDE I / II - Front End Bengaluru / E-Commerce / Engg Grads from IIT/NIT/IIIT/BITS only,Upshoot,"Bengaluru, Karnataka, India",22 hours ago,https://in.linkedin.com/jobs/view/sde-i-ii-front-end-bengaluru-e-commerce-engg-grads-from-iit-nit-iiit-bits-only-at-upshoot-3366480175?refId=fD3TOxjx2jWZaRHwQ3r8Eg%3D%3D&trackingId=Dh%2Fh4mdYrp8Nuotg23sh7A%3D%3D&position=25&pageNum=0&trk=public_jobs_jserp-result_search-card,SD,23-11-2022_10:39:47,
Talent Acquisition Manager,Axis Bank,"Bengaluru, Karnataka, India",3 weeks ago,https://in.linkedin.com/jobs/view/talent-acquisition-manager-at-axis-bank-3336164653?refId=lGLFbSgHKj%2FJupj6RwsgZw%3D%3D&trackingId=IVnARZnZive3HJNcrFwZuw%3D%3D&position=1&pageNum=0&trk=public_jobs_jserp-result_search-card,HR Recruitment,23-11-2022_10:39:47,
Human Resources Manager - Bangalore,Avenue E-Commerce Limited,"Bengaluru, Karnataka, India",3 weeks ago,https://in.linkedin.com/jobs/view/human-resources-manager-bangalore-at-avenue-e-commerce-limited-3327936690?refId=lGLFbSgHKj%2FJupj6RwsgZw%3D%3D&trackingId=4SMsE2eRrW0j60Jwfr%2FYYQ%3D%3D&position=2&pageNum=0&trk=public_jobs_jserp-result_search-card,HR Recruitment,23-11-2022_10:39:47,0 to 15 years of experience
Human Resource Generalist,Mitsubishi Power,"Bengaluru, Karnataka, India",1 week ago,https://in.linkedin.com/jobs/view/human-resource-generalist-at-mitsubishi-power-3353168654?refId=lGLFbSgHKj%2FJupj6RwsgZw%3D%3D&trackingId=N9A3LpmHg8DX0PTHJR2pyw%3D%3D&position=3&pageNum=0&trk=public_jobs_jserp-result_search-card,HR Recruitment,23-11-2022_10:39:47,Experience Minimum 4-8 years
HR Business Partner,BookMyShow,"Bengaluru, Karnataka, India",1 month ago,https://in.linkedin.com/jobs/view/hr-business-partner-at-bookmyshow-3359185152?refId=lGLFbSgHKj%2FJupj6RwsgZw%3D%3D&trackingId=nQ4WrFYSybuOrMFzK4TK1w%3D%3D&position=4&pageNum=0&trk=public_jobs_jserp-result_search-card,HR Recruitment,23-11-2022_10:39:47,5-7 years of experience
HR Generalist,JRD Systems,"Bengaluru, Karnataka, India",3 weeks ago,https://in.linkedin.com/jobs/view/hr-generalist-at-jrd-systems-3331263702?refId=lGLFbSgHKj%2FJupj6RwsgZw%3D%3D&trackingId=bYuwHaJTXMAvumkxqAy1Zg%3D%3D&position=5&pageNum=0&trk=public_jobs_jserp-result_search-card,HR Recruitment,23-11-2022_10:39:47,7 years human resource experience
Human Resources Operations Specialist,DXC Technology,"Bengaluru, Karnataka, India",1 week ago,https://in.linkedin.com/jobs/view/human-resources-operations-specialist-at-dxc-technology-3354293824?refId=lGLFbSgHKj%2FJupj6RwsgZw%3D%3D&trackingId=ZatxNgd7pqo0YD0YnDt47Q%3D%3D&position=6&pageNum=0&trk=public_jobs_jserp-result_search-card,HR Recruitment,23-11-2022_10:39:47,
Technical Recruiter,Capgemini,"Bengaluru, Karnataka, India",11 hours ago,https://in.linkedin.com/jobs/view/technical-recruiter-at-capgemini-3364433273?refId=lGLFbSgHKj%2FJupj6RwsgZw%3D%3D&trackingId=JxXqupBw%2B4%2F66b7LK63l%2FQ%3D%3D&position=7&pageNum=0&trk=public_jobs_jserp-result_search-card,HR Recruitment,23-11-2022_10:39:47,4 years of experience
Human Resources Executive,Mitsubishi Power,"Bengaluru, Karnataka, India",1 week ago,https://in.linkedin.com/jobs/view/human-resources-executive-at-mitsubishi-power-3358538308?refId=lGLFbSgHKj%2FJupj6RwsgZw%3D%3D&trackingId=g2ewWzFIJ%2FKc38qvbAhN7A%3D%3D&position=8&pageNum=0&trk=public_jobs_jserp-result_search-card,HR Recruitment,23-11-2022_10:39:47,Experience Minimum 4-8 years
Novopay - HR Manager/HR Generalist,Novopay,"Bengaluru, Karnataka, India",3 days ago,https://in.linkedin.com/jobs/view/novopay-hr-manager-hr-generalist-at-novopay-3363098401?refId=lGLFbSgHKj%2FJupj6RwsgZw%3D%3D&trackingId=Cix%2BOAIKsRdwnWTNPxlCmQ%3D%3D&position=9&pageNum=0&trk=public_jobs_jserp-result_search-card,HR Recruitment,23-11-2022_10:39:47,4 to 10 years of experience
Human Resources Generalist,Multivista Global Pvt. Ltd.,"Bengaluru, Karnataka, India",2 weeks ago,https://in.linkedin.com/jobs/view/human-resources-generalist-at-multivista-global-pvt-ltd-3337076912?refId=lGLFbSgHKj%2FJupj6RwsgZw%3D%3D&trackingId=7w%2FD%2BZURjybrChRTH3Lk9w%3D%3D&position=10&pageNum=0&trk=public_jobs_jserp-result_search-card,HR Recruitment,23-11-2022_10:39:47,
"Assistant Manager, Human Resources - India",Herbalife Nutrition,"Bengaluru, Karnataka, India",1 week ago,https://in.linkedin.com/jobs/view/assistant-manager-human-resources-india-at-herbalife-nutrition-3353834929?refId=lGLFbSgHKj%2FJupj6RwsgZw%3D%3D&trackingId=Lhs7BJ1uAuY4niY%2BevhHAA%3D%3D&position=11&pageNum=0&trk=public_jobs_jserp-result_search-card,HR Recruitment,23-11-2022_10:39:47,
Hr Executive Recruiter,Kalyani Motors Pvt Ltd,"Bengaluru, Karnataka, India",1 week ago,https://in.linkedin.com/jobs/view/hr-executive-recruiter-at-kalyani-motors-pvt-ltd-3349856174?refId=lGLFbSgHKj%2FJupj6RwsgZw%3D%3D&trackingId=qBlM3BEufqWB1h4aK4d%2Big%3D%3D&position=12&pageNum=0&trk=public_jobs_jserp-result_search-card,HR Recruitment,23-11-2022_10:39:47,
Senior Human Resources Recruiter,Concentrix,"Bengaluru, Karnataka, India",3 weeks ago,https://in.linkedin.com/jobs/view/senior-human-resources-recruiter-at-concentrix-3330381002?refId=lGLFbSgHKj%2FJupj6RwsgZw%3D%3D&trackingId=hVvIAOtnb199uQTSdlgQIQ%3D%3D&position=13&pageNum=0&trk=public_jobs_jserp-result_search-card,HR Recruitment,23-11-2022_10:39:47,
Human Resources Generalist II,Mouser Electronics,"Bengaluru, Karnataka, India",2 weeks ago,https://in.linkedin.com/jobs/view/human-resources-generalist-ii-at-mouser-electronics-3304722028?refId=lGLFbSgHKj%2FJupj6RwsgZw%3D%3D&trackingId=KQ5boasP7QbdvssGmrlZOA%3D%3D&position=14&pageNum=0&trk=public_jobs_jserp-result_search-card,HR Recruitment,23-11-2022_10:39:47,
Assistant Manager Human Resources,Quantum Leap Learning Solutions Pvt. Ltd.,"Bengaluru, Karnataka, India",3 weeks ago,https://in.linkedin.com/jobs/view/assistant-manager-human-resources-at-quantum-leap-learning-solutions-pvt-ltd-3334455715?refId=lGLFbSgHKj%2FJupj6RwsgZw%3D%3D&trackingId=MiIFU5wOH42wdeNPPVTmKQ%3D%3D&position=15&pageNum=0&trk=public_jobs_jserp-result_search-card,HR Recruitment,23-11-2022_10:39:47,
Executive / Sr. Executive - Recruitment,Safran Engineering Services,"Bengaluru, Karnataka, India",3 weeks ago,https://in.linkedin.com/jobs/view/executive-sr-executive-recruitment-at-safran-engineering-services-3333113849?refId=lGLFbSgHKj%2FJupj6RwsgZw%3D%3D&trackingId=LKD4bEHrBR7AuDM%2Bekz%2F2w%3D%3D&position=16&pageNum=0&trk=public_jobs_jserp-result_search-card,HR Recruitment,23-11-2022_10:39:47,
HR Recruiter,Jetking Infotrain Limited,"Bengaluru, Karnataka, India",1 month ago,https://in.linkedin.com/jobs/view/hr-recruiter-at-jetking-infotrain-limited-3337738461?refId=lGLFbSgHKj%2FJupj6RwsgZw%3D%3D&trackingId=TJzcgEYRdQ5aT2%2F0puPj0Q%3D%3D&position=17&pageNum=0&trk=public_jobs_jserp-result_search-card,HR Recruitment,23-11-2022_10:39:47,
Recruiter II,Concentrix,"Bengaluru, Karnataka, India",2 weeks ago,https://in.linkedin.com/jobs/view/recruiter-ii-at-concentrix-3342692221?refId=lGLFbSgHKj%2FJupj6RwsgZw%3D%3D&trackingId=%2BX9KKg2AOwPRJi2KyVW4yg%3D%3D&position=18&pageNum=0&trk=public_jobs_jserp-result_search-card,HR Recruitment,23-11-2022_10:39:47,
Recruiter,Korn Ferry,"Bengaluru, Karnataka, India",2 weeks ago,https://in.linkedin.com/jobs/view/recruiter-at-korn-ferry-3337082828?refId=lGLFbSgHKj%2FJupj6RwsgZw%3D%3D&trackingId=mRk3oD2pWlJAxfcwoYRd5A%3D%3D&position=19&pageNum=0&trk=public_jobs_jserp-result_search-card,HR Recruitment,23-11-2022_10:39:47,1 years of full cycle recruitment experience.
Technical Recruiter,Molex,Greater Bengaluru Area,2 weeks ago,https://in.linkedin.com/jobs/view/technical-recruiter-at-molex-3342955259?refId=lGLFbSgHKj%2FJupj6RwsgZw%3D%3D&trackingId=LNLc30WO8InAuwC0s8jUMQ%3D%3D&position=20&pageNum=0&trk=public_jobs_jserp-result_search-card,HR Recruitment,23-11-2022_10:39:47,
talent partner - tech,CRED,"Bengaluru, Karnataka, India",1 month ago,https://in.linkedin.com/jobs/view/talent-partner-tech-at-cred-3359679812?refId=lGLFbSgHKj%2FJupj6RwsgZw%3D%3D&trackingId=dkC1BMauEAp6wVi%2FuZIlBA%3D%3D&position=21&pageNum=0&trk=public_jobs_jserp-result_search-card,HR Recruitment,23-11-2022_10:39:47,4- 7 years of experience
Hr Generalist,TechnoScience (Domnic Lewis International LLC),"Bengaluru, Karnataka, India",2 weeks ago,https://in.linkedin.com/jobs/view/hr-generalist-at-technoscience-domnic-lewis-international-llc-3341503057?refId=lGLFbSgHKj%2FJupj6RwsgZw%3D%3D&trackingId=y1x8cbSQ7AbAfX8bpzi9lw%3D%3D&position=22&pageNum=0&trk=public_jobs_jserp-result_search-card,HR Recruitment,23-11-2022_10:39:47,
Senior Recruiter,PayU,"Bengaluru, Karnataka, India",1 month ago,https://in.linkedin.com/jobs/view/senior-recruiter-at-payu-3324539369?refId=lGLFbSgHKj%2FJupj6RwsgZw%3D%3D&trackingId=iLU%2F77Fp8hb95pMbTadQiw%3D%3D&position=23&pageNum=0&trk=public_jobs_jserp-result_search-card,HR Recruitment,23-11-2022_10:39:47,5 to 7 years of experience
Corporate Recruiter,Amelia,"Bengaluru, Karnataka, India",1 month ago,https://in.linkedin.com/jobs/view/corporate-recruiter-at-amelia-3292803537?refId=lGLFbSgHKj%2FJupj6RwsgZw%3D%3D&trackingId=RIU8yahEEG0cKnEq4erfxA%3D%3D&position=24&pageNum=0&trk=public_jobs_jserp-result_search-card,HR Recruitment,23-11-2022_10:39:47,3+ years of recruiting experience
Non-IT Recruiter,bigbasket.com,"Bangalore Urban, Karnataka, India",5 days ago,https://in.linkedin.com/jobs/view/non-it-recruiter-at-bigbasket-com-3363677422?refId=lGLFbSgHKj%2FJupj6RwsgZw%3D%3D&trackingId=Wnf8DlEtM3y0zQhGUhPonA%3D%3D&position=25&pageNum=0&trk=public_jobs_jserp-result_search-card,HR Recruitment,23-11-2022_10:39:47,5 years of work experience
HR Recruiter,MetroMax Group,"Bengaluru, Karnataka, India",4 days ago,https://in.linkedin.com/jobs/view/hr-recruiter-at-metromax-group-3362360761?refId=%2Fj2ehIAEr%2BKK0%2FDgF4Xh1Q%3D%3D&trackingId=Uw2P5RvCOjhSToEG6xigKQ%3D%3D&position=10&pageNum=0&trk=public_jobs_jserp-result_search-card,HR Recruitment,23-11-2022_10:39:47,
HR manager or HR executive,Talent Folks,"Bengaluru North, Karnataka, India",1 month ago,https://in.linkedin.com/jobs/view/hr-manager-or-hr-executive-at-talent-folks-3358843313?refId=%2Fj2ehIAEr%2BKK0%2FDgF4Xh1Q%3D%3D&trackingId=54eDSSNHl7%2FXeihtm%2Fv8ng%3D%3D&position=12&pageNum=0&trk=public_jobs_jserp-result_search-card,HR Recruitment,23-11-2022_10:39:47,
"Sr. Specialist, HR, Bangalore",West Pharmaceutical Services,"Bengaluru, Karnataka, India",6 days ago,https://in.linkedin.com/jobs/view/sr-specialist-hr-bangalore-at-west-pharmaceutical-services-3358764528?refId=%2Fj2ehIAEr%2BKK0%2FDgF4Xh1Q%3D%3D&trackingId=nQqfZJsA3mtlAA8oNIHTlw%3D%3D&position=25&pageNum=0&trk=public_jobs_jserp-result_search-card,HR Recruitment,23-11-2022_10:39:47,
Talent Aquisition,Chimera Technologies Private Limited,"Bengaluru, Karnataka, India",1 month ago,https://in.linkedin.com/jobs/view/talent-aquisition-at-chimera-technologies-private-limited-3331184000?refId=uHzuDwCQS8qj%2BQ7JCtVpTA%3D%3D&trackingId=i0TPRIE8cNr65J%2FGnW5tug%3D%3D&position=1&pageNum=0&trk=public_jobs_jserp-result_search-card,HR Recruitment,23-11-2022_10:39:47,
Direct Recruiter (Operations Recruiter),Robert Walters,"Bengaluru, Karnataka, India",6 days ago,https://in.linkedin.com/jobs/view/direct-recruiter-operations-recruiter-at-robert-walters-3362950109?refId=uHzuDwCQS8qj%2BQ7JCtVpTA%3D%3D&trackingId=7ccEL%2BVHRQVZiIu3dD54Eg%3D%3D&position=2&pageNum=0&trk=public_jobs_jserp-result_search-card,HR Recruitment,23-11-2022_10:39:47,
Generalist HR - Bangalore,Maneva Consulting Pvt. Ltd.,"Bengaluru, Karnataka, India",2 months ago,https://in.linkedin.com/jobs/view/generalist-hr-bangalore-at-maneva-consulting-pvt-ltd-3299761418?refId=uHzuDwCQS8qj%2BQ7JCtVpTA%3D%3D&trackingId=GNSHaat%2B7OI0oUsNZW%2FXtA%3D%3D&position=5&pageNum=0&trk=public_jobs_jserp-result_search-card,HR Recruitment,23-11-2022_10:39:47,
Senior Manager Talent Acquisition,Innoviti Technologies,"Bengaluru, Karnataka, India",3 weeks ago,https://in.linkedin.com/jobs/view/senior-manager-talent-acquisition-at-innoviti-technologies-3337482994?refId=uHzuDwCQS8qj%2BQ7JCtVpTA%3D%3D&trackingId=dyQdpxGLPt%2Fkm5nTtPC56A%3D%3D&position=7&pageNum=0&trk=public_jobs_jserp-result_search-card,HR Recruitment,23-11-2022_10:39:47,
City HR Generalist,Unnati,"Bengaluru North, Karnataka, India",1 month ago,https://in.linkedin.com/jobs/view/city-hr-generalist-at-unnati-3358844453?refId=uHzuDwCQS8qj%2BQ7JCtVpTA%3D%3D&trackingId=AX84qXdk5QSMRy0J7s882Q%3D%3D&position=8&pageNum=0&trk=public_jobs_jserp-result_search-card,HR Recruitment,23-11-2022_10:39:47,
"HR,Hr Executive,Hr Recruiter,It Recruiter,HR Manager",AppSoft Solutions,"Bengaluru, Karnataka, India",1 month ago,https://in.linkedin.com/jobs/view/hr-hr-executive-hr-recruiter-it-recruiter-hr-manager-at-appsoft-solutions-3326485793?refId=uHzuDwCQS8qj%2BQ7JCtVpTA%3D%3D&trackingId=2PegxawdG45xqmpHqtWZQA%3D%3D&position=9&pageNum=0&trk=public_jobs_jserp-result_search-card,HR Recruitment,23-11-2022_10:39:47,
Senior Manager - HR Business Partner,Recruitment Cell,"Bengaluru, Karnataka, India",4 weeks ago,https://in.linkedin.com/jobs/view/senior-manager-hr-business-partner-at-recruitment-cell-3361333551?refId=uHzuDwCQS8qj%2BQ7JCtVpTA%3D%3D&trackingId=9ZEvmPbikeXmHyeHNtAoig%3D%3D&position=11&pageNum=0&trk=public_jobs_jserp-result_search-card,HR Recruitment,23-11-2022_10:39:47,Experience  8-1
HR Manager HR Assistant Manager (depending on the experience),Flexi Ventures Pvt. Ltd.,"Bengaluru, Karnataka, India",1 week ago,https://in.linkedin.com/jobs/view/hr-manager-hr-assistant-manager-depending-on-the-experience-at-flexi-ventures-pvt-ltd-3349849924?refId=uHzuDwCQS8qj%2BQ7JCtVpTA%3D%3D&trackingId=fGske%2FIA%2F8yuqc1bhw9zfQ%3D%3D&position=12&pageNum=0&trk=public_jobs_jserp-result_search-card,HR Recruitment,23-11-2022_10:39:47,
Recruiter,HireWand,"Bengaluru, Karnataka, India",1 month ago,https://in.linkedin.com/jobs/view/recruiter-at-hirewand-3330591498?refId=uHzuDwCQS8qj%2BQ7JCtVpTA%3D%3D&trackingId=3KY5202ghwU3GMzFchN7iw%3D%3D&position=13&pageNum=0&trk=public_jobs_jserp-result_search-card,HR Recruitment,23-11-2022_10:39:47,Experience 0 - 1 year
Campus Recruiter,Gain.pro,"Bengaluru, Karnataka, India",2 weeks ago,https://in.linkedin.com/jobs/view/campus-recruiter-at-gain-pro-3345372092?refId=uHzuDwCQS8qj%2BQ7JCtVpTA%3D%3D&trackingId=UKQcKV823LqiYDrhVy5SqQ%3D%3D&position=14&pageNum=0&trk=public_jobs_jserp-result_search-card,HR Recruitment,23-11-2022_10:39:47,
Blackbuck - Manager - Talent Acquisition - Volume Hiring,BlackBuck (Zinka Logistics Solutions Pvt. Ltd.),"Bengaluru, Karnataka, India",4 weeks ago,https://in.linkedin.com/jobs/view/blackbuck-manager-talent-acquisition-volume-hiring-at-blackbuck-zinka-logistics-solutions-pvt-ltd-3361334663?refId=uHzuDwCQS8qj%2BQ7JCtVpTA%3D%3D&trackingId=nd1G463PNSDc4PCTnwIqlA%3D%3D&position=15&pageNum=0&trk=public_jobs_jserp-result_search-card,HR Recruitment,23-11-2022_10:39:47,
We are Hiring for - Hr recruiter,Infinity Solutions,"Bengaluru, Karnataka, India",3 weeks ago,https://in.linkedin.com/jobs/view/we-are-hiring-for-hr-recruiter-at-infinity-solutions-3366723427?refId=uHzuDwCQS8qj%2BQ7JCtVpTA%3D%3D&trackingId=Y4HaeE1IVNdthFUQtoFRLQ%3D%3D&position=17&pageNum=0&trk=public_jobs_jserp-result_search-card,HR Recruitment,23-11-2022_10:39:47,
Human Resources Lead,Hash Connect Integrated Services Pvt. Ltd.,"Bengaluru, Karnataka, India",2 weeks ago,https://in.linkedin.com/jobs/view/human-resources-lead-at-hash-connect-integrated-services-pvt-ltd-3321277499?refId=uHzuDwCQS8qj%2BQ7JCtVpTA%3D%3D&trackingId=F%2Bgzucyx72Vs8rQne8ypFA%3D%3D&position=18&pageNum=0&trk=public_jobs_jserp-result_search-card,HR Recruitment,23-11-2022_10:39:47,"2 years out of the entire experience , 3+ years of experience"
Job Opportunity for HR Manager with Dmart Ready - Bangalore,DMart - Avenue Supermarts Ltd,"Bengaluru, Karnataka, India",3 weeks ago,https://in.linkedin.com/jobs/view/job-opportunity-for-hr-manager-with-dmart-ready-bangalore-at-dmart-avenue-supermarts-ltd-3332306671?refId=uHzuDwCQS8qj%2BQ7JCtVpTA%3D%3D&trackingId=FUDUpqXT1BphkxWXnEZs0A%3D%3D&position=19&pageNum=0&trk=public_jobs_jserp-result_search-card,HR Recruitment,23-11-2022_10:39:47,0 to 15 years of experience
Vice President Human Resources,Mobile Programming LLC,"Bengaluru, Karnataka, India",7 hours ago,https://in.linkedin.com/jobs/view/vice-president-human-resources-at-mobile-programming-llc-3371027863?refId=uHzuDwCQS8qj%2BQ7JCtVpTA%3D%3D&trackingId=fbq3gTSM4ABULXl%2BVYjtHw%3D%3D&position=20&pageNum=0&trk=public_jobs_jserp-result_search-card,HR Recruitment,23-11-2022_10:39:47,
HR,Incresco,"Bengaluru, Karnataka, India",1 month ago,https://in.linkedin.com/jobs/view/hr-at-incresco-3342952454?refId=uHzuDwCQS8qj%2BQ7JCtVpTA%3D%3D&trackingId=Rzh4fBwdaBC0%2BWAxSMeurg%3D%3D&position=21&pageNum=0&trk=public_jobs_jserp-result_search-card,HR Recruitment,23-11-2022_10:39:47,
Senior Technical Recruiter,BlackLine,"Bengaluru, Karnataka, India",7 hours ago,https://in.linkedin.com/jobs/view/senior-technical-recruiter-at-blackline-3364443209?refId=uHzuDwCQS8qj%2BQ7JCtVpTA%3D%3D&trackingId=dTY%2BQl7ZOt7DfKBQEcHpyQ%3D%3D&position=22&pageNum=0&trk=public_jobs_jserp-result_search-card,HR Recruitment,23-11-2022_10:39:47,
Recruiter,GoKhana,"Bengaluru, Karnataka, India",1 day ago,https://in.linkedin.com/jobs/view/recruiter-at-gokhana-3369179218?refId=uHzuDwCQS8qj%2BQ7JCtVpTA%3D%3D&trackingId=ZYU%2BqzzNFzKAaDA%2FoL%2BXzA%3D%3D&position=23&pageNum=0&trk=public_jobs_jserp-result_search-card,HR Recruitment,23-11-2022_10:39:47,
Technical Recruiter,TotalCloud  (Acquired by Qualys Inc),"Bengaluru North, Karnataka, India",1 month ago,https://in.linkedin.com/jobs/view/technical-recruiter-at-totalcloud-acquired-by-qualys-inc-3356018914?refId=uHzuDwCQS8qj%2BQ7JCtVpTA%3D%3D&trackingId=KVsMTHifeW%2F7vMnQhVDGjA%3D%3D&position=25&pageNum=0&trk=public_jobs_jserp-result_search-card,HR Recruitment,23-11-2022_10:39:47,
