role,company,location,time,link,scraped
Business Analyst,Euromonitor International,"Bengaluru, Karnataka, India",1 hour ago,https://in.linkedin.com/jobs/view/business-analyst-at-euromonitor-international-3241997589?refId=gB2azzAR3n%2Bx0PyQt3YsIw%3D%3D&trackingId=LEOIb%2BMzmradrxnofhc9PQ%3D%3D&position=1&pageNum=0&trk=public_jobs_jserp-result_search-card,01-09-2022_12:24:05
Business Analyst,ApplyBoard,"Gurgaon, Haryana, India",20 hours ago,https://in.linkedin.com/jobs/view/business-analyst-at-applyboard-2890691055?refId=gB2azzAR3n%2Bx0PyQt3YsIw%3D%3D&trackingId=qb%2FgP2vIGsjEMe%2Byt9ugWg%3D%3D&position=2&pageNum=0&trk=public_jobs_jserp-result_search-card,01-09-2022_12:24:05
Business Analyst,Juppiter AI Labs ✔,India,16 hours ago,https://in.linkedin.com/jobs/view/business-analyst-at-juppiter-ai-labs-%E2%9C%94-3246900722?refId=gB2azzAR3n%2Bx0PyQt3YsIw%3D%3D&trackingId=PeiAUR6QDCXIwVCnNJIVBA%3D%3D&position=3&pageNum=0&trk=public_jobs_jserp-result_search-card,01-09-2022_12:24:05
Business Analyst,MetricStream,"Bengaluru, Karnataka, India",21 hours ago,https://in.linkedin.com/jobs/view/business-analyst-at-metricstream-3175674570?refId=gB2azzAR3n%2Bx0PyQt3YsIw%3D%3D&trackingId=SzKfe1WevjG7GQkAQea8aw%3D%3D&position=4&pageNum=0&trk=public_jobs_jserp-result_search-card,01-09-2022_12:24:05
Business Analyst,Android Developer,"Gurugram, Haryana, India",23 hours ago,https://in.linkedin.com/jobs/view/business-analyst-at-android-developer-3244563035?refId=gB2azzAR3n%2Bx0PyQt3YsIw%3D%3D&trackingId=uO%2FLSsDS3m8i%2BoCN7dswtA%3D%3D&position=5&pageNum=0&trk=public_jobs_jserp-result_search-card,01-09-2022_12:24:05
Business Analyst,Crox Consulting Inc,"Gandhinagar, Gujarat, India",1 hour ago,https://in.linkedin.com/jobs/view/business-analyst-at-crox-consulting-inc-3242204220?refId=gB2azzAR3n%2Bx0PyQt3YsIw%3D%3D&trackingId=G0zWBjp6f1X3WIg%2BENnchA%3D%3D&position=6&pageNum=0&trk=public_jobs_jserp-result_search-card,01-09-2022_12:24:05
Business Analyst,MetricStream,"Pune, Maharashtra, India",21 hours ago,https://in.linkedin.com/jobs/view/business-analyst-at-metricstream-3175673727?refId=gB2azzAR3n%2Bx0PyQt3YsIw%3D%3D&trackingId=W99RU5r6q4n%2BGxbVlQBo%2FQ%3D%3D&position=7&pageNum=0&trk=public_jobs_jserp-result_search-card,01-09-2022_12:24:05
Business Analyst,INADEV,"Hayathnagar, Telangana, India",5 hours ago,https://in.linkedin.com/jobs/view/business-analyst-at-inadev-3247471301?refId=gB2azzAR3n%2Bx0PyQt3YsIw%3D%3D&trackingId=CnCGIlW0okf%2BOZRx4NbNPA%3D%3D&position=8&pageNum=0&trk=public_jobs_jserp-result_search-card,01-09-2022_12:24:05
Business Analyst,MetricStream,"Hyderabad, Telangana, India",21 hours ago,https://in.linkedin.com/jobs/view/business-analyst-at-metricstream-3175677283?refId=gB2azzAR3n%2Bx0PyQt3YsIw%3D%3D&trackingId=tqShmXX%2Busf4%2BuaFsRKoeg%3D%3D&position=9&pageNum=0&trk=public_jobs_jserp-result_search-card,01-09-2022_12:24:05
Business Analyst,Craft Silicon Asia,"Bengaluru, Karnataka, India",2 hours ago,https://in.linkedin.com/jobs/view/business-analyst-at-craft-silicon-asia-3227507646?refId=gB2azzAR3n%2Bx0PyQt3YsIw%3D%3D&trackingId=2EzTTrhHAc0jWs0%2F7pIBJQ%3D%3D&position=10&pageNum=0&trk=public_jobs_jserp-result_search-card,01-09-2022_12:24:05
Business Analyst,MetricStream,"Noida, Uttar Pradesh, India",21 hours ago,https://in.linkedin.com/jobs/view/business-analyst-at-metricstream-3175674571?refId=gB2azzAR3n%2Bx0PyQt3YsIw%3D%3D&trackingId=%2BoPOmDgE4CLf3fwA%2B54duw%3D%3D&position=11&pageNum=0&trk=public_jobs_jserp-result_search-card,01-09-2022_12:24:05
Business Analyst,MetricStream,"Mumbai, Maharashtra, India",21 hours ago,https://in.linkedin.com/jobs/view/business-analyst-at-metricstream-3175671861?refId=gB2azzAR3n%2Bx0PyQt3YsIw%3D%3D&trackingId=DMjKx5%2BTq4mWHr9D9xYYPQ%3D%3D&position=12&pageNum=0&trk=public_jobs_jserp-result_search-card,01-09-2022_12:24:05
Business Analyst,MetricStream,"Gurgaon, Haryana, India",21 hours ago,https://in.linkedin.com/jobs/view/business-analyst-at-metricstream-3175677288?refId=gB2azzAR3n%2Bx0PyQt3YsIw%3D%3D&trackingId=jh0yqgpUqhGb3jhLj6WsKw%3D%3D&position=13&pageNum=0&trk=public_jobs_jserp-result_search-card,01-09-2022_12:24:05
Business Analyst,MetricStream,"New Delhi, Delhi, India",21 hours ago,https://in.linkedin.com/jobs/view/business-analyst-at-metricstream-3175676315?refId=gB2azzAR3n%2Bx0PyQt3YsIw%3D%3D&trackingId=a%2FdhFlQqk1%2BuEPqs%2BrRtVg%3D%3D&position=14&pageNum=0&trk=public_jobs_jserp-result_search-card,01-09-2022_12:24:05
Business Analyst,MetricStream,"Chennai, Tamil Nadu, India",21 hours ago,https://in.linkedin.com/jobs/view/business-analyst-at-metricstream-3175676319?refId=gB2azzAR3n%2Bx0PyQt3YsIw%3D%3D&trackingId=l3MZdnSaNCJf97Z21dZn7w%3D%3D&position=15&pageNum=0&trk=public_jobs_jserp-result_search-card,01-09-2022_12:24:05
Business Analyst,Trading Technologies,"Pune, Maharashtra, India",18 hours ago,https://in.linkedin.com/jobs/view/business-analyst-at-trading-technologies-3241610606?refId=gB2azzAR3n%2Bx0PyQt3YsIw%3D%3D&trackingId=iXysjdEy%2FpOa0Ala87JjwQ%3D%3D&position=16&pageNum=0&trk=public_jobs_jserp-result_search-card,01-09-2022_12:24:05
Business Analyst,MetricStream,"Kolkata, West Bengal, India",21 hours ago,https://in.linkedin.com/jobs/view/business-analyst-at-metricstream-3175677281?refId=gB2azzAR3n%2Bx0PyQt3YsIw%3D%3D&trackingId=MB3jXWOubCfFt%2BdFFa9hfg%3D%3D&position=17&pageNum=0&trk=public_jobs_jserp-result_search-card,01-09-2022_12:24:05
Business Analyst,Indeses Business Ventures Pvt.Ltd,"Jaipur, Rajasthan, India",51 minutes ago,https://in.linkedin.com/jobs/view/business-analyst-at-indeses-business-ventures-pvt-ltd-3246409710?refId=gB2azzAR3n%2Bx0PyQt3YsIw%3D%3D&trackingId=AKxzMali3WZVpm%2B16FsyPQ%3D%3D&position=18&pageNum=0&trk=public_jobs_jserp-result_search-card,01-09-2022_12:24:05
Business Analyst/Sr. Business Analyst,ARSCCOM,"Bengaluru, Karnataka, India",15 hours ago,https://in.linkedin.com/jobs/view/business-analyst-sr-business-analyst-at-arsccom-3245091875?refId=gB2azzAR3n%2Bx0PyQt3YsIw%3D%3D&trackingId=0olFe3dcqZ%2FInPAFWUQRCg%3D%3D&position=19&pageNum=0&trk=public_jobs_jserp-result_search-card,01-09-2022_12:24:05
Business Analyst,Acuity Software Technologies,"Hyderabad, Telangana, India",1 hour ago,https://in.linkedin.com/jobs/view/business-analyst-at-acuity-software-technologies-3241990928?refId=gB2azzAR3n%2Bx0PyQt3YsIw%3D%3D&trackingId=O1KpOi%2F3Ya%2BMAUEn0Kvipg%3D%3D&position=20&pageNum=0&trk=public_jobs_jserp-result_search-card,01-09-2022_12:24:05
Business Analyst,Vymo,"Bengaluru, Karnataka, India",17 hours ago,https://in.linkedin.com/jobs/view/business-analyst-at-vymo-3241615766?refId=gB2azzAR3n%2Bx0PyQt3YsIw%3D%3D&trackingId=qYKPJ%2Bkr8NgWkSJwFLBTJQ%3D%3D&position=21&pageNum=0&trk=public_jobs_jserp-result_search-card,01-09-2022_12:24:05
ERP Business Analyst,FARFETCH,"Narsapur, Telangana, India",15 hours ago,https://in.linkedin.com/jobs/view/erp-business-analyst-at-farfetch-3245089565?refId=gB2azzAR3n%2Bx0PyQt3YsIw%3D%3D&trackingId=HlnlP5Y30d16vW6mjjfLjQ%3D%3D&position=22&pageNum=0&trk=public_jobs_jserp-result_search-card,01-09-2022_12:24:05
Business Analyst,Kore.ai,"Hyderabad, Telangana, India",17 hours ago,https://in.linkedin.com/jobs/view/business-analyst-at-kore-ai-3241617586?refId=gB2azzAR3n%2Bx0PyQt3YsIw%3D%3D&trackingId=ljj1fcCC2vzYevSBJtmfqw%3D%3D&position=23&pageNum=0&trk=public_jobs_jserp-result_search-card,01-09-2022_12:24:05
Business Analyst,Integra Global Solutions Corp,"Coimbatore, Tamil Nadu, India",1 hour ago,https://in.linkedin.com/jobs/view/business-analyst-at-integra-global-solutions-corp-3241998728?refId=gB2azzAR3n%2Bx0PyQt3YsIw%3D%3D&trackingId=fhk0SWq2B7wZaNyjNrknMQ%3D%3D&position=24&pageNum=0&trk=public_jobs_jserp-result_search-card,01-09-2022_12:24:05
Business Analyst I,Mouser Electronics,"Pune, Maharashtra, India",21 hours ago,https://in.linkedin.com/jobs/view/business-analyst-i-at-mouser-electronics-3139052851?refId=gB2azzAR3n%2Bx0PyQt3YsIw%3D%3D&trackingId=PdjSxrDZjrHN5pDEpCXe7w%3D%3D&position=25&pageNum=0&trk=public_jobs_jserp-result_search-card,01-09-2022_12:24:05
Business Analyst,Euromonitor International,"Bengaluru, Karnataka, India",1 hour ago,https://in.linkedin.com/jobs/view/business-analyst-at-euromonitor-international-3241997589?refId=bP08nWHW%2FVeHDHDIrSlNIA%3D%3D&trackingId=McXtkXckdlwiMXVY34uyKg%3D%3D&position=1&pageNum=0&trk=public_jobs_jserp-result_search-card,01-09-2022_12:24:05
Business Analyst,ApplyBoard,"Gurgaon, Haryana, India",20 hours ago,https://in.linkedin.com/jobs/view/business-analyst-at-applyboard-2890691055?refId=bP08nWHW%2FVeHDHDIrSlNIA%3D%3D&trackingId=vcFkrKqKSaeVhbhzndsHUw%3D%3D&position=2&pageNum=0&trk=public_jobs_jserp-result_search-card,01-09-2022_12:24:05
Business Analyst,Juppiter AI Labs ✔,India,16 hours ago,https://in.linkedin.com/jobs/view/business-analyst-at-juppiter-ai-labs-%E2%9C%94-3246900722?refId=bP08nWHW%2FVeHDHDIrSlNIA%3D%3D&trackingId=m4XrX8Ffac%2B8IuAeV6lgLw%3D%3D&position=3&pageNum=0&trk=public_jobs_jserp-result_search-card,01-09-2022_12:24:05
Business Analyst,MetricStream,"Bengaluru, Karnataka, India",21 hours ago,https://in.linkedin.com/jobs/view/business-analyst-at-metricstream-3175674570?refId=bP08nWHW%2FVeHDHDIrSlNIA%3D%3D&trackingId=kaAYDHtoc2kR%2B0Mqfm2vLA%3D%3D&position=4&pageNum=0&trk=public_jobs_jserp-result_search-card,01-09-2022_12:24:05
Business Analyst,Android Developer,"Gurugram, Haryana, India",23 hours ago,https://in.linkedin.com/jobs/view/business-analyst-at-android-developer-3244563035?refId=bP08nWHW%2FVeHDHDIrSlNIA%3D%3D&trackingId=6cqewiGc25E19folxxPcGA%3D%3D&position=5&pageNum=0&trk=public_jobs_jserp-result_search-card,01-09-2022_12:24:05
Business Analyst,Crox Consulting Inc,"Gandhinagar, Gujarat, India",1 hour ago,https://in.linkedin.com/jobs/view/business-analyst-at-crox-consulting-inc-3242204220?refId=bP08nWHW%2FVeHDHDIrSlNIA%3D%3D&trackingId=6aBoHxB66RZC%2FMF4zWcW4Q%3D%3D&position=6&pageNum=0&trk=public_jobs_jserp-result_search-card,01-09-2022_12:24:05
Business Analyst,MetricStream,"Pune, Maharashtra, India",21 hours ago,https://in.linkedin.com/jobs/view/business-analyst-at-metricstream-3175673727?refId=bP08nWHW%2FVeHDHDIrSlNIA%3D%3D&trackingId=HKGTU0A%2BAs%2B8yelvo14Qhg%3D%3D&position=7&pageNum=0&trk=public_jobs_jserp-result_search-card,01-09-2022_12:24:05
Business Analyst,INADEV,"Hayathnagar, Telangana, India",5 hours ago,https://in.linkedin.com/jobs/view/business-analyst-at-inadev-3247471301?refId=bP08nWHW%2FVeHDHDIrSlNIA%3D%3D&trackingId=MbYs9zhfJMhxHBQIYAdCBg%3D%3D&position=8&pageNum=0&trk=public_jobs_jserp-result_search-card,01-09-2022_12:24:05
Business Analyst,MetricStream,"Hyderabad, Telangana, India",21 hours ago,https://in.linkedin.com/jobs/view/business-analyst-at-metricstream-3175677283?refId=bP08nWHW%2FVeHDHDIrSlNIA%3D%3D&trackingId=ePxkxXdRqNTmWF0V7Fq%2Fow%3D%3D&position=9&pageNum=0&trk=public_jobs_jserp-result_search-card,01-09-2022_12:24:05
Business Analyst,Craft Silicon Asia,"Bengaluru, Karnataka, India",2 hours ago,https://in.linkedin.com/jobs/view/business-analyst-at-craft-silicon-asia-3227507646?refId=bP08nWHW%2FVeHDHDIrSlNIA%3D%3D&trackingId=YMCzImRY0UkeWdc0zfmVhA%3D%3D&position=10&pageNum=0&trk=public_jobs_jserp-result_search-card,01-09-2022_12:24:05
Business Analyst,MetricStream,"Noida, Uttar Pradesh, India",21 hours ago,https://in.linkedin.com/jobs/view/business-analyst-at-metricstream-3175674571?refId=bP08nWHW%2FVeHDHDIrSlNIA%3D%3D&trackingId=RTIEUm4e50Ycw%2Fa5053PbQ%3D%3D&position=11&pageNum=0&trk=public_jobs_jserp-result_search-card,01-09-2022_12:24:05
Business Analyst,MetricStream,"Mumbai, Maharashtra, India",21 hours ago,https://in.linkedin.com/jobs/view/business-analyst-at-metricstream-3175671861?refId=bP08nWHW%2FVeHDHDIrSlNIA%3D%3D&trackingId=9f9hXKQmNTZmF4fMNReAbw%3D%3D&position=12&pageNum=0&trk=public_jobs_jserp-result_search-card,01-09-2022_12:24:05
Business Analyst,MetricStream,"Gurgaon, Haryana, India",21 hours ago,https://in.linkedin.com/jobs/view/business-analyst-at-metricstream-3175677288?refId=bP08nWHW%2FVeHDHDIrSlNIA%3D%3D&trackingId=V6dfXw0tLCBR0btpQ4gyFA%3D%3D&position=13&pageNum=0&trk=public_jobs_jserp-result_search-card,01-09-2022_12:24:05
Business Analyst,MetricStream,"New Delhi, Delhi, India",21 hours ago,https://in.linkedin.com/jobs/view/business-analyst-at-metricstream-3175676315?refId=bP08nWHW%2FVeHDHDIrSlNIA%3D%3D&trackingId=763A3mvz92PuA6UY1LZ9qw%3D%3D&position=14&pageNum=0&trk=public_jobs_jserp-result_search-card,01-09-2022_12:24:05
Business Analyst,MetricStream,"Chennai, Tamil Nadu, India",21 hours ago,https://in.linkedin.com/jobs/view/business-analyst-at-metricstream-3175676319?refId=bP08nWHW%2FVeHDHDIrSlNIA%3D%3D&trackingId=GksmjD9MqgXFBWRPfDFktA%3D%3D&position=15&pageNum=0&trk=public_jobs_jserp-result_search-card,01-09-2022_12:24:05
Business Analyst,Trading Technologies,"Pune, Maharashtra, India",18 hours ago,https://in.linkedin.com/jobs/view/business-analyst-at-trading-technologies-3241610606?refId=bP08nWHW%2FVeHDHDIrSlNIA%3D%3D&trackingId=12VTk%2FnneU4%2Fcz6sXOk%2BnA%3D%3D&position=16&pageNum=0&trk=public_jobs_jserp-result_search-card,01-09-2022_12:24:05
Business Analyst,MetricStream,"Kolkata, West Bengal, India",21 hours ago,https://in.linkedin.com/jobs/view/business-analyst-at-metricstream-3175677281?refId=bP08nWHW%2FVeHDHDIrSlNIA%3D%3D&trackingId=L3c3h3ojEhgo%2FrsajlGlFg%3D%3D&position=17&pageNum=0&trk=public_jobs_jserp-result_search-card,01-09-2022_12:24:05
Business Analyst,Indeses Business Ventures Pvt.Ltd,"Jaipur, Rajasthan, India",52 minutes ago,https://in.linkedin.com/jobs/view/business-analyst-at-indeses-business-ventures-pvt-ltd-3246409710?refId=bP08nWHW%2FVeHDHDIrSlNIA%3D%3D&trackingId=kD1jGo%2F9auE44SOoQOh6aA%3D%3D&position=18&pageNum=0&trk=public_jobs_jserp-result_search-card,01-09-2022_12:24:05
Business Analyst/Sr. Business Analyst,ARSCCOM,"Bengaluru, Karnataka, India",15 hours ago,https://in.linkedin.com/jobs/view/business-analyst-sr-business-analyst-at-arsccom-3245091875?refId=bP08nWHW%2FVeHDHDIrSlNIA%3D%3D&trackingId=DQKVa%2BQDbaf%2FG%2B6JOtBlRQ%3D%3D&position=19&pageNum=0&trk=public_jobs_jserp-result_search-card,01-09-2022_12:24:05
Business Analyst,Acuity Software Technologies,"Hyderabad, Telangana, India",1 hour ago,https://in.linkedin.com/jobs/view/business-analyst-at-acuity-software-technologies-3241990928?refId=bP08nWHW%2FVeHDHDIrSlNIA%3D%3D&trackingId=Hn3AyuUWS8OeoBO5LFmw7g%3D%3D&position=20&pageNum=0&trk=public_jobs_jserp-result_search-card,01-09-2022_12:24:05
Business Analyst,Vymo,"Bengaluru, Karnataka, India",17 hours ago,https://in.linkedin.com/jobs/view/business-analyst-at-vymo-3241615766?refId=bP08nWHW%2FVeHDHDIrSlNIA%3D%3D&trackingId=dwGGbPYrg%2BiLLe%2F%2BkrSFFw%3D%3D&position=21&pageNum=0&trk=public_jobs_jserp-result_search-card,01-09-2022_12:24:05
ERP Business Analyst,FARFETCH,"Narsapur, Telangana, India",15 hours ago,https://in.linkedin.com/jobs/view/erp-business-analyst-at-farfetch-3245089565?refId=bP08nWHW%2FVeHDHDIrSlNIA%3D%3D&trackingId=l8RMwCJKqU5mvNQdSjQ2CA%3D%3D&position=22&pageNum=0&trk=public_jobs_jserp-result_search-card,01-09-2022_12:24:05
Business Analyst,Kore.ai,"Hyderabad, Telangana, India",17 hours ago,https://in.linkedin.com/jobs/view/business-analyst-at-kore-ai-3241617586?refId=bP08nWHW%2FVeHDHDIrSlNIA%3D%3D&trackingId=Pb3FPNf2217FhCnTD5UE5g%3D%3D&position=23&pageNum=0&trk=public_jobs_jserp-result_search-card,01-09-2022_12:24:05
Business Analyst,Integra Global Solutions Corp,"Coimbatore, Tamil Nadu, India",1 hour ago,https://in.linkedin.com/jobs/view/business-analyst-at-integra-global-solutions-corp-3241998728?refId=bP08nWHW%2FVeHDHDIrSlNIA%3D%3D&trackingId=nbfCrD7S64aiB6Gsv7mv3g%3D%3D&position=24&pageNum=0&trk=public_jobs_jserp-result_search-card,01-09-2022_12:24:05
Business Analyst I,Mouser Electronics,"Pune, Maharashtra, India",21 hours ago,https://in.linkedin.com/jobs/view/business-analyst-i-at-mouser-electronics-3139052851?refId=bP08nWHW%2FVeHDHDIrSlNIA%3D%3D&trackingId=n2ZBeoCnQFEG7KrH1YUMdg%3D%3D&position=25&pageNum=0&trk=public_jobs_jserp-result_search-card,01-09-2022_12:24:05
Business Analyst,Euromonitor International,"Bengaluru, Karnataka, India",1 hour ago,https://in.linkedin.com/jobs/view/business-analyst-at-euromonitor-international-3241997589?refId=fc3mawrWxOpwi%2BMnmq1QyQ%3D%3D&trackingId=paYw8RRaIB3n3%2BZX2hlRTg%3D%3D&position=1&pageNum=0&trk=public_jobs_jserp-result_search-card,01-09-2022_12:24:05
Business Analyst,ApplyBoard,"Gurgaon, Haryana, India",20 hours ago,https://in.linkedin.com/jobs/view/business-analyst-at-applyboard-2890691055?refId=fc3mawrWxOpwi%2BMnmq1QyQ%3D%3D&trackingId=8GNjCNKiY%2BCzT8zmIBoFSQ%3D%3D&position=2&pageNum=0&trk=public_jobs_jserp-result_search-card,01-09-2022_12:24:05
Business Analyst,Juppiter AI Labs ✔,India,16 hours ago,https://in.linkedin.com/jobs/view/business-analyst-at-juppiter-ai-labs-%E2%9C%94-3246900722?refId=fc3mawrWxOpwi%2BMnmq1QyQ%3D%3D&trackingId=w3YXcl%2BTkU%2BfN9PbUua0Ug%3D%3D&position=3&pageNum=0&trk=public_jobs_jserp-result_search-card,01-09-2022_12:24:05
Business Analyst,MetricStream,"Bengaluru, Karnataka, India",21 hours ago,https://in.linkedin.com/jobs/view/business-analyst-at-metricstream-3175674570?refId=fc3mawrWxOpwi%2BMnmq1QyQ%3D%3D&trackingId=5vkv4liQXYdhKs%2Fk7uNw4Q%3D%3D&position=4&pageNum=0&trk=public_jobs_jserp-result_search-card,01-09-2022_12:24:05
Business Analyst,Android Developer,"Gurugram, Haryana, India",23 hours ago,https://in.linkedin.com/jobs/view/business-analyst-at-android-developer-3244563035?refId=fc3mawrWxOpwi%2BMnmq1QyQ%3D%3D&trackingId=9ug6PVykihj%2BmNG9Eo9EZQ%3D%3D&position=5&pageNum=0&trk=public_jobs_jserp-result_search-card,01-09-2022_12:24:05
Business Analyst,Crox Consulting Inc,"Gandhinagar, Gujarat, India",1 hour ago,https://in.linkedin.com/jobs/view/business-analyst-at-crox-consulting-inc-3242204220?refId=fc3mawrWxOpwi%2BMnmq1QyQ%3D%3D&trackingId=ANsxeOmwD6WlkVBY7WrVTg%3D%3D&position=6&pageNum=0&trk=public_jobs_jserp-result_search-card,01-09-2022_12:24:05
Business Analyst,MetricStream,"Pune, Maharashtra, India",21 hours ago,https://in.linkedin.com/jobs/view/business-analyst-at-metricstream-3175673727?refId=fc3mawrWxOpwi%2BMnmq1QyQ%3D%3D&trackingId=dii00Nhjh5Ehg4A%2FwUWZvg%3D%3D&position=7&pageNum=0&trk=public_jobs_jserp-result_search-card,01-09-2022_12:24:05
Business Analyst,INADEV,"Hayathnagar, Telangana, India",5 hours ago,https://in.linkedin.com/jobs/view/business-analyst-at-inadev-3247471301?refId=fc3mawrWxOpwi%2BMnmq1QyQ%3D%3D&trackingId=hoQFqVE%2FzRIA2IOk175cxA%3D%3D&position=8&pageNum=0&trk=public_jobs_jserp-result_search-card,01-09-2022_12:24:05
Business Analyst,MetricStream,"Hyderabad, Telangana, India",21 hours ago,https://in.linkedin.com/jobs/view/business-analyst-at-metricstream-3175677283?refId=fc3mawrWxOpwi%2BMnmq1QyQ%3D%3D&trackingId=bnrD5%2B38BnSUxZ3WpklIaQ%3D%3D&position=9&pageNum=0&trk=public_jobs_jserp-result_search-card,01-09-2022_12:24:05
Business Analyst,Craft Silicon Asia,"Bengaluru, Karnataka, India",2 hours ago,https://in.linkedin.com/jobs/view/business-analyst-at-craft-silicon-asia-3227507646?refId=fc3mawrWxOpwi%2BMnmq1QyQ%3D%3D&trackingId=KTKPIi%2B2z3Zsm9wDrLFJ0Q%3D%3D&position=10&pageNum=0&trk=public_jobs_jserp-result_search-card,01-09-2022_12:24:05
Business Analyst,MetricStream,"Noida, Uttar Pradesh, India",21 hours ago,https://in.linkedin.com/jobs/view/business-analyst-at-metricstream-3175674571?refId=fc3mawrWxOpwi%2BMnmq1QyQ%3D%3D&trackingId=SmwHuhVRvhzvx9ceXf%2FGYA%3D%3D&position=11&pageNum=0&trk=public_jobs_jserp-result_search-card,01-09-2022_12:24:05
Business Analyst,MetricStream,"Mumbai, Maharashtra, India",21 hours ago,https://in.linkedin.com/jobs/view/business-analyst-at-metricstream-3175671861?refId=fc3mawrWxOpwi%2BMnmq1QyQ%3D%3D&trackingId=wE00SXr80AT49fkF%2Fhyjhg%3D%3D&position=12&pageNum=0&trk=public_jobs_jserp-result_search-card,01-09-2022_12:24:05
Business Analyst,MetricStream,"Gurgaon, Haryana, India",21 hours ago,https://in.linkedin.com/jobs/view/business-analyst-at-metricstream-3175677288?refId=fc3mawrWxOpwi%2BMnmq1QyQ%3D%3D&trackingId=91D80wNXMSsvImnblBvquA%3D%3D&position=13&pageNum=0&trk=public_jobs_jserp-result_search-card,01-09-2022_12:24:05
Business Analyst,MetricStream,"New Delhi, Delhi, India",21 hours ago,https://in.linkedin.com/jobs/view/business-analyst-at-metricstream-3175676315?refId=fc3mawrWxOpwi%2BMnmq1QyQ%3D%3D&trackingId=XfB7WLbd6qNXZge4S3RbnQ%3D%3D&position=14&pageNum=0&trk=public_jobs_jserp-result_search-card,01-09-2022_12:24:05
Business Analyst,MetricStream,"Chennai, Tamil Nadu, India",21 hours ago,https://in.linkedin.com/jobs/view/business-analyst-at-metricstream-3175676319?refId=fc3mawrWxOpwi%2BMnmq1QyQ%3D%3D&trackingId=jNBZuAGy8%2FtRFwrlv3zm0A%3D%3D&position=15&pageNum=0&trk=public_jobs_jserp-result_search-card,01-09-2022_12:24:05
Business Analyst,Trading Technologies,"Pune, Maharashtra, India",18 hours ago,https://in.linkedin.com/jobs/view/business-analyst-at-trading-technologies-3241610606?refId=fc3mawrWxOpwi%2BMnmq1QyQ%3D%3D&trackingId=D9v14K9jJUGGbtR36JALgw%3D%3D&position=16&pageNum=0&trk=public_jobs_jserp-result_search-card,01-09-2022_12:24:05
Business Analyst,MetricStream,"Kolkata, West Bengal, India",21 hours ago,https://in.linkedin.com/jobs/view/business-analyst-at-metricstream-3175677281?refId=fc3mawrWxOpwi%2BMnmq1QyQ%3D%3D&trackingId=K5bovbF9UFhYgmJ8OG7fAw%3D%3D&position=17&pageNum=0&trk=public_jobs_jserp-result_search-card,01-09-2022_12:24:05
Business Analyst,Indeses Business Ventures Pvt.Ltd,"Jaipur, Rajasthan, India",52 minutes ago,https://in.linkedin.com/jobs/view/business-analyst-at-indeses-business-ventures-pvt-ltd-3246409710?refId=fc3mawrWxOpwi%2BMnmq1QyQ%3D%3D&trackingId=oD0zzvFPg1D5Q6fU0GSWwA%3D%3D&position=18&pageNum=0&trk=public_jobs_jserp-result_search-card,01-09-2022_12:24:05
Business Analyst/Sr. Business Analyst,ARSCCOM,"Bengaluru, Karnataka, India",15 hours ago,https://in.linkedin.com/jobs/view/business-analyst-sr-business-analyst-at-arsccom-3245091875?refId=fc3mawrWxOpwi%2BMnmq1QyQ%3D%3D&trackingId=52znQzA9kn6v2jK3MK1WtA%3D%3D&position=19&pageNum=0&trk=public_jobs_jserp-result_search-card,01-09-2022_12:24:05
Business Analyst,Acuity Software Technologies,"Hyderabad, Telangana, India",1 hour ago,https://in.linkedin.com/jobs/view/business-analyst-at-acuity-software-technologies-3241990928?refId=fc3mawrWxOpwi%2BMnmq1QyQ%3D%3D&trackingId=QEIBJfeI0fbGqTelZZ%2BPyQ%3D%3D&position=20&pageNum=0&trk=public_jobs_jserp-result_search-card,01-09-2022_12:24:05
Business Analyst,Vymo,"Bengaluru, Karnataka, India",17 hours ago,https://in.linkedin.com/jobs/view/business-analyst-at-vymo-3241615766?refId=fc3mawrWxOpwi%2BMnmq1QyQ%3D%3D&trackingId=9XMUVu5q%2Fr1j2VbJQABFeg%3D%3D&position=21&pageNum=0&trk=public_jobs_jserp-result_search-card,01-09-2022_12:24:05
ERP Business Analyst,FARFETCH,"Narsapur, Telangana, India",15 hours ago,https://in.linkedin.com/jobs/view/erp-business-analyst-at-farfetch-3245089565?refId=fc3mawrWxOpwi%2BMnmq1QyQ%3D%3D&trackingId=a03U%2BKh3nALQ2pGFmu5cCA%3D%3D&position=22&pageNum=0&trk=public_jobs_jserp-result_search-card,01-09-2022_12:24:05
Business Analyst,Kore.ai,"Hyderabad, Telangana, India",17 hours ago,https://in.linkedin.com/jobs/view/business-analyst-at-kore-ai-3241617586?refId=fc3mawrWxOpwi%2BMnmq1QyQ%3D%3D&trackingId=Chi2NNso0860i2ABPzW6eA%3D%3D&position=23&pageNum=0&trk=public_jobs_jserp-result_search-card,01-09-2022_12:24:05
Business Analyst I,Mouser Electronics,"Pune, Maharashtra, India",21 hours ago,https://in.linkedin.com/jobs/view/business-analyst-i-at-mouser-electronics-3139052851?refId=fc3mawrWxOpwi%2BMnmq1QyQ%3D%3D&trackingId=JwzxktqjCeZjzLySruhv5Q%3D%3D&position=24&pageNum=0&trk=public_jobs_jserp-result_search-card,01-09-2022_12:24:05
Business Analyst,CloudXperts Consulting Pvt Ltd,"Noida, Uttar Pradesh, India",1 hour ago,https://in.linkedin.com/jobs/view/business-analyst-at-cloudxperts-consulting-pvt-ltd-3246400930?refId=fc3mawrWxOpwi%2BMnmq1QyQ%3D%3D&trackingId=GzO4Bxc5WFJFgYK%2F%2Fo2z0Q%3D%3D&position=25&pageNum=0&trk=public_jobs_jserp-result_search-card,01-09-2022_12:24:05
Business Analyst,Euromonitor International,"Bengaluru, Karnataka, India",1 hour ago,https://in.linkedin.com/jobs/view/business-analyst-at-euromonitor-international-3241997589?refId=G%2Fqy97rAbX6e4TlBwCfeKg%3D%3D&trackingId=e2BvUpEI%2FKfGmxzO3N%2FCTQ%3D%3D&position=1&pageNum=0&trk=public_jobs_jserp-result_search-card,01-09-2022_12:24:05
Business Analyst,ApplyBoard,"Gurgaon, Haryana, India",20 hours ago,https://in.linkedin.com/jobs/view/business-analyst-at-applyboard-2890691055?refId=G%2Fqy97rAbX6e4TlBwCfeKg%3D%3D&trackingId=U%2FyPDnsTBCzAe1UI7fvTMg%3D%3D&position=2&pageNum=0&trk=public_jobs_jserp-result_search-card,01-09-2022_12:24:05
Business Analyst,Juppiter AI Labs ✔,India,16 hours ago,https://in.linkedin.com/jobs/view/business-analyst-at-juppiter-ai-labs-%E2%9C%94-3246900722?refId=G%2Fqy97rAbX6e4TlBwCfeKg%3D%3D&trackingId=weemgGVrEfLLi4lY2JuP0g%3D%3D&position=3&pageNum=0&trk=public_jobs_jserp-result_search-card,01-09-2022_12:24:05
Business Analyst,MetricStream,"Bengaluru, Karnataka, India",21 hours ago,https://in.linkedin.com/jobs/view/business-analyst-at-metricstream-3175674570?refId=G%2Fqy97rAbX6e4TlBwCfeKg%3D%3D&trackingId=ggYnG%2BVy7jrlN6yQ0mreNg%3D%3D&position=4&pageNum=0&trk=public_jobs_jserp-result_search-card,01-09-2022_12:24:05
Business Analyst,Android Developer,"Gurugram, Haryana, India",23 hours ago,https://in.linkedin.com/jobs/view/business-analyst-at-android-developer-3244563035?refId=G%2Fqy97rAbX6e4TlBwCfeKg%3D%3D&trackingId=%2Bd7lXBRy2i56ic4vwCKMeg%3D%3D&position=5&pageNum=0&trk=public_jobs_jserp-result_search-card,01-09-2022_12:24:05
Business Analyst,Crox Consulting Inc,"Gandhinagar, Gujarat, India",1 hour ago,https://in.linkedin.com/jobs/view/business-analyst-at-crox-consulting-inc-3242204220?refId=G%2Fqy97rAbX6e4TlBwCfeKg%3D%3D&trackingId=EAciLj616wl86Otni98rKA%3D%3D&position=6&pageNum=0&trk=public_jobs_jserp-result_search-card,01-09-2022_12:24:05
Business Analyst,MetricStream,"Pune, Maharashtra, India",21 hours ago,https://in.linkedin.com/jobs/view/business-analyst-at-metricstream-3175673727?refId=G%2Fqy97rAbX6e4TlBwCfeKg%3D%3D&trackingId=HmQMLaUjs%2BylJlmlQ16vBg%3D%3D&position=7&pageNum=0&trk=public_jobs_jserp-result_search-card,01-09-2022_12:24:05
Business Analyst,INADEV,"Hayathnagar, Telangana, India",5 hours ago,https://in.linkedin.com/jobs/view/business-analyst-at-inadev-3247471301?refId=G%2Fqy97rAbX6e4TlBwCfeKg%3D%3D&trackingId=SxNGjL5%2F7huIZNEckP4hjA%3D%3D&position=8&pageNum=0&trk=public_jobs_jserp-result_search-card,01-09-2022_12:24:05
Business Analyst,MetricStream,"Hyderabad, Telangana, India",21 hours ago,https://in.linkedin.com/jobs/view/business-analyst-at-metricstream-3175677283?refId=G%2Fqy97rAbX6e4TlBwCfeKg%3D%3D&trackingId=nE7XhJUVJ7PPf%2BEyY83iDw%3D%3D&position=9&pageNum=0&trk=public_jobs_jserp-result_search-card,01-09-2022_12:24:05
Business Analyst,Craft Silicon Asia,"Bengaluru, Karnataka, India",2 hours ago,https://in.linkedin.com/jobs/view/business-analyst-at-craft-silicon-asia-3227507646?refId=G%2Fqy97rAbX6e4TlBwCfeKg%3D%3D&trackingId=BbjLlF%2BF4rqZPc%2FhQuMv5Q%3D%3D&position=10&pageNum=0&trk=public_jobs_jserp-result_search-card,01-09-2022_12:24:05
Business Analyst,MetricStream,"Noida, Uttar Pradesh, India",21 hours ago,https://in.linkedin.com/jobs/view/business-analyst-at-metricstream-3175674571?refId=G%2Fqy97rAbX6e4TlBwCfeKg%3D%3D&trackingId=plqzpIztQVLAvO5rgK4rbg%3D%3D&position=11&pageNum=0&trk=public_jobs_jserp-result_search-card,01-09-2022_12:24:05
Business Analyst,MetricStream,"Mumbai, Maharashtra, India",21 hours ago,https://in.linkedin.com/jobs/view/business-analyst-at-metricstream-3175671861?refId=G%2Fqy97rAbX6e4TlBwCfeKg%3D%3D&trackingId=aGAEc%2B8GZft0CVq%2B0Sbnog%3D%3D&position=12&pageNum=0&trk=public_jobs_jserp-result_search-card,01-09-2022_12:24:05
Business Analyst,MetricStream,"Gurgaon, Haryana, India",21 hours ago,https://in.linkedin.com/jobs/view/business-analyst-at-metricstream-3175677288?refId=G%2Fqy97rAbX6e4TlBwCfeKg%3D%3D&trackingId=dis3uUmt1HEKmA%2BjSHMVvQ%3D%3D&position=13&pageNum=0&trk=public_jobs_jserp-result_search-card,01-09-2022_12:24:05
Business Analyst,MetricStream,"New Delhi, Delhi, India",21 hours ago,https://in.linkedin.com/jobs/view/business-analyst-at-metricstream-3175676315?refId=G%2Fqy97rAbX6e4TlBwCfeKg%3D%3D&trackingId=pYOUkzY9w8Bbx%2FVsaFLyNg%3D%3D&position=14&pageNum=0&trk=public_jobs_jserp-result_search-card,01-09-2022_12:24:05
Business Analyst,MetricStream,"Chennai, Tamil Nadu, India",21 hours ago,https://in.linkedin.com/jobs/view/business-analyst-at-metricstream-3175676319?refId=G%2Fqy97rAbX6e4TlBwCfeKg%3D%3D&trackingId=zNc145UC%2FbSk50alBcjzMA%3D%3D&position=15&pageNum=0&trk=public_jobs_jserp-result_search-card,01-09-2022_12:24:05
Business Analyst,Trading Technologies,"Pune, Maharashtra, India",18 hours ago,https://in.linkedin.com/jobs/view/business-analyst-at-trading-technologies-3241610606?refId=G%2Fqy97rAbX6e4TlBwCfeKg%3D%3D&trackingId=Bd1ldQsHIEaW3r1Umf682Q%3D%3D&position=16&pageNum=0&trk=public_jobs_jserp-result_search-card,01-09-2022_12:24:05
Business Analyst,MetricStream,"Kolkata, West Bengal, India",21 hours ago,https://in.linkedin.com/jobs/view/business-analyst-at-metricstream-3175677281?refId=G%2Fqy97rAbX6e4TlBwCfeKg%3D%3D&trackingId=ztOc2fwInIn42xFjVIo8og%3D%3D&position=17&pageNum=0&trk=public_jobs_jserp-result_search-card,01-09-2022_12:24:05
Business Analyst,Indeses Business Ventures Pvt.Ltd,"Jaipur, Rajasthan, India",52 minutes ago,https://in.linkedin.com/jobs/view/business-analyst-at-indeses-business-ventures-pvt-ltd-3246409710?refId=G%2Fqy97rAbX6e4TlBwCfeKg%3D%3D&trackingId=9w3fY%2BRCguauwdvpX%2Fk%2FVA%3D%3D&position=18&pageNum=0&trk=public_jobs_jserp-result_search-card,01-09-2022_12:24:05
Business Analyst/Sr. Business Analyst,ARSCCOM,"Bengaluru, Karnataka, India",15 hours ago,https://in.linkedin.com/jobs/view/business-analyst-sr-business-analyst-at-arsccom-3245091875?refId=G%2Fqy97rAbX6e4TlBwCfeKg%3D%3D&trackingId=gPHnI8FoMIV%2BvfrnVposRg%3D%3D&position=19&pageNum=0&trk=public_jobs_jserp-result_search-card,01-09-2022_12:24:05
Business Analyst,Acuity Software Technologies,"Hyderabad, Telangana, India",2 hours ago,https://in.linkedin.com/jobs/view/business-analyst-at-acuity-software-technologies-3241990928?refId=G%2Fqy97rAbX6e4TlBwCfeKg%3D%3D&trackingId=KyZth6NdjC98bePEVFhfEw%3D%3D&position=20&pageNum=0&trk=public_jobs_jserp-result_search-card,01-09-2022_12:24:05
Business Analyst,Vymo,"Bengaluru, Karnataka, India",17 hours ago,https://in.linkedin.com/jobs/view/business-analyst-at-vymo-3241615766?refId=G%2Fqy97rAbX6e4TlBwCfeKg%3D%3D&trackingId=XIzaRgPR37ZY9Iq7B2ebgA%3D%3D&position=21&pageNum=0&trk=public_jobs_jserp-result_search-card,01-09-2022_12:24:05
ERP Business Analyst,FARFETCH,"Narsapur, Telangana, India",15 hours ago,https://in.linkedin.com/jobs/view/erp-business-analyst-at-farfetch-3245089565?refId=G%2Fqy97rAbX6e4TlBwCfeKg%3D%3D&trackingId=pD%2FmU5yixZYyRPvXQ3A2sg%3D%3D&position=22&pageNum=0&trk=public_jobs_jserp-result_search-card,01-09-2022_12:24:05
Business Analyst,Kore.ai,"Hyderabad, Telangana, India",17 hours ago,https://in.linkedin.com/jobs/view/business-analyst-at-kore-ai-3241617586?refId=G%2Fqy97rAbX6e4TlBwCfeKg%3D%3D&trackingId=%2ByeUxfGpWhjXc6p52q3uQw%3D%3D&position=23&pageNum=0&trk=public_jobs_jserp-result_search-card,01-09-2022_12:24:05
Business Analyst I,Mouser Electronics,"Pune, Maharashtra, India",21 hours ago,https://in.linkedin.com/jobs/view/business-analyst-i-at-mouser-electronics-3139052851?refId=G%2Fqy97rAbX6e4TlBwCfeKg%3D%3D&trackingId=MaXxwk28N1OLYATt5Qn5lQ%3D%3D&position=24&pageNum=0&trk=public_jobs_jserp-result_search-card,01-09-2022_12:24:05
Business Analyst,CloudXperts Consulting Pvt Ltd,"Noida, Uttar Pradesh, India",1 hour ago,https://in.linkedin.com/jobs/view/business-analyst-at-cloudxperts-consulting-pvt-ltd-3246400930?refId=G%2Fqy97rAbX6e4TlBwCfeKg%3D%3D&trackingId=5n1Dfkyv8psjDUV5%2FKagFQ%3D%3D&position=25&pageNum=0&trk=public_jobs_jserp-result_search-card,01-09-2022_12:24:05
Business Analyst,Euromonitor International,"Bengaluru, Karnataka, India",1 hour ago,https://in.linkedin.com/jobs/view/business-analyst-at-euromonitor-international-3241997589?refId=w0r2v4%2BuqbtUWSjWOFTKGw%3D%3D&trackingId=CFjn0hs%2B9%2FDAcAq1rxu6ZQ%3D%3D&position=1&pageNum=0&trk=public_jobs_jserp-result_search-card,01-09-2022_12:24:05
Business Analyst,ApplyBoard,"Gurgaon, Haryana, India",20 hours ago,https://in.linkedin.com/jobs/view/business-analyst-at-applyboard-2890691055?refId=w0r2v4%2BuqbtUWSjWOFTKGw%3D%3D&trackingId=gU7FkoI%2FyJiU6EB4yhuEXg%3D%3D&position=2&pageNum=0&trk=public_jobs_jserp-result_search-card,01-09-2022_12:24:05
Business Analyst,Juppiter AI Labs ✔,India,16 hours ago,https://in.linkedin.com/jobs/view/business-analyst-at-juppiter-ai-labs-%E2%9C%94-3246900722?refId=w0r2v4%2BuqbtUWSjWOFTKGw%3D%3D&trackingId=4g%2B9FJ6eKM14cXltEYqotw%3D%3D&position=3&pageNum=0&trk=public_jobs_jserp-result_search-card,01-09-2022_12:24:05
Business Analyst,MetricStream,"Bengaluru, Karnataka, India",21 hours ago,https://in.linkedin.com/jobs/view/business-analyst-at-metricstream-3175674570?refId=w0r2v4%2BuqbtUWSjWOFTKGw%3D%3D&trackingId=kWQ9WfGIWhxinT5rBi3VtA%3D%3D&position=4&pageNum=0&trk=public_jobs_jserp-result_search-card,01-09-2022_12:24:05
Business Analyst,Android Developer,"Gurugram, Haryana, India",23 hours ago,https://in.linkedin.com/jobs/view/business-analyst-at-android-developer-3244563035?refId=w0r2v4%2BuqbtUWSjWOFTKGw%3D%3D&trackingId=04aYUsw2VMSrIOmpUQTUrA%3D%3D&position=5&pageNum=0&trk=public_jobs_jserp-result_search-card,01-09-2022_12:24:05
Business Analyst,Crox Consulting Inc,"Gandhinagar, Gujarat, India",1 hour ago,https://in.linkedin.com/jobs/view/business-analyst-at-crox-consulting-inc-3242204220?refId=w0r2v4%2BuqbtUWSjWOFTKGw%3D%3D&trackingId=mKpqv7n1SMzUSPnKn%2BVOBg%3D%3D&position=6&pageNum=0&trk=public_jobs_jserp-result_search-card,01-09-2022_12:24:05
Business Analyst,MetricStream,"Pune, Maharashtra, India",21 hours ago,https://in.linkedin.com/jobs/view/business-analyst-at-metricstream-3175673727?refId=w0r2v4%2BuqbtUWSjWOFTKGw%3D%3D&trackingId=ZBQZj%2FULKGlefy1xkm0lJg%3D%3D&position=7&pageNum=0&trk=public_jobs_jserp-result_search-card,01-09-2022_12:24:05
Business Analyst,INADEV,"Hayathnagar, Telangana, India",5 hours ago,https://in.linkedin.com/jobs/view/business-analyst-at-inadev-3247471301?refId=w0r2v4%2BuqbtUWSjWOFTKGw%3D%3D&trackingId=7V1vAWCevEokLiA4rSddug%3D%3D&position=8&pageNum=0&trk=public_jobs_jserp-result_search-card,01-09-2022_12:24:05
Business Analyst,MetricStream,"Hyderabad, Telangana, India",21 hours ago,https://in.linkedin.com/jobs/view/business-analyst-at-metricstream-3175677283?refId=w0r2v4%2BuqbtUWSjWOFTKGw%3D%3D&trackingId=Re4Cn5y8uZsOAo6HTeNeAQ%3D%3D&position=9&pageNum=0&trk=public_jobs_jserp-result_search-card,01-09-2022_12:24:05
Business Analyst,Craft Silicon Asia,"Bengaluru, Karnataka, India",2 hours ago,https://in.linkedin.com/jobs/view/business-analyst-at-craft-silicon-asia-3227507646?refId=w0r2v4%2BuqbtUWSjWOFTKGw%3D%3D&trackingId=Jt%2BS8xOspYNNuarg2yfLOQ%3D%3D&position=10&pageNum=0&trk=public_jobs_jserp-result_search-card,01-09-2022_12:24:05
Business Analyst,MetricStream,"Noida, Uttar Pradesh, India",21 hours ago,https://in.linkedin.com/jobs/view/business-analyst-at-metricstream-3175674571?refId=w0r2v4%2BuqbtUWSjWOFTKGw%3D%3D&trackingId=uQ7dgqFtVmjPnBWZMhDC5A%3D%3D&position=11&pageNum=0&trk=public_jobs_jserp-result_search-card,01-09-2022_12:24:05
Business Analyst,MetricStream,"Mumbai, Maharashtra, India",21 hours ago,https://in.linkedin.com/jobs/view/business-analyst-at-metricstream-3175671861?refId=w0r2v4%2BuqbtUWSjWOFTKGw%3D%3D&trackingId=XC0k5Xri9DdBYEARx2CoZQ%3D%3D&position=12&pageNum=0&trk=public_jobs_jserp-result_search-card,01-09-2022_12:24:05
Business Analyst,MetricStream,"Gurgaon, Haryana, India",21 hours ago,https://in.linkedin.com/jobs/view/business-analyst-at-metricstream-3175677288?refId=w0r2v4%2BuqbtUWSjWOFTKGw%3D%3D&trackingId=ENmmfDUpwQqLTjkKyGOIpQ%3D%3D&position=13&pageNum=0&trk=public_jobs_jserp-result_search-card,01-09-2022_12:24:05
Business Analyst,MetricStream,"New Delhi, Delhi, India",21 hours ago,https://in.linkedin.com/jobs/view/business-analyst-at-metricstream-3175676315?refId=w0r2v4%2BuqbtUWSjWOFTKGw%3D%3D&trackingId=oIArIdIZ661V18EoEhkFcA%3D%3D&position=14&pageNum=0&trk=public_jobs_jserp-result_search-card,01-09-2022_12:24:05
Business Analyst,MetricStream,"Chennai, Tamil Nadu, India",21 hours ago,https://in.linkedin.com/jobs/view/business-analyst-at-metricstream-3175676319?refId=w0r2v4%2BuqbtUWSjWOFTKGw%3D%3D&trackingId=Cut5o7B78StyLx0jJELZBQ%3D%3D&position=15&pageNum=0&trk=public_jobs_jserp-result_search-card,01-09-2022_12:24:05
Business Analyst,Trading Technologies,"Pune, Maharashtra, India",18 hours ago,https://in.linkedin.com/jobs/view/business-analyst-at-trading-technologies-3241610606?refId=w0r2v4%2BuqbtUWSjWOFTKGw%3D%3D&trackingId=Vt%2BDHM0fLXsBSdLskVw5Sg%3D%3D&position=16&pageNum=0&trk=public_jobs_jserp-result_search-card,01-09-2022_12:24:05
Business Analyst,MetricStream,"Kolkata, West Bengal, India",21 hours ago,https://in.linkedin.com/jobs/view/business-analyst-at-metricstream-3175677281?refId=w0r2v4%2BuqbtUWSjWOFTKGw%3D%3D&trackingId=j2TeJ9MfA3dSlhQXxpAubQ%3D%3D&position=17&pageNum=0&trk=public_jobs_jserp-result_search-card,01-09-2022_12:24:05
Business Analyst,Indeses Business Ventures Pvt.Ltd,"Jaipur, Rajasthan, India",52 minutes ago,https://in.linkedin.com/jobs/view/business-analyst-at-indeses-business-ventures-pvt-ltd-3246409710?refId=w0r2v4%2BuqbtUWSjWOFTKGw%3D%3D&trackingId=fTL%2BIywqD6b60YYXP1JLng%3D%3D&position=18&pageNum=0&trk=public_jobs_jserp-result_search-card,01-09-2022_12:24:05
Business Analyst/Sr. Business Analyst,ARSCCOM,"Bengaluru, Karnataka, India",15 hours ago,https://in.linkedin.com/jobs/view/business-analyst-sr-business-analyst-at-arsccom-3245091875?refId=w0r2v4%2BuqbtUWSjWOFTKGw%3D%3D&trackingId=FxL5AiQKwavyOcwRDAT6MA%3D%3D&position=19&pageNum=0&trk=public_jobs_jserp-result_search-card,01-09-2022_12:24:05
Business Analyst,Acuity Software Technologies,"Hyderabad, Telangana, India",2 hours ago,https://in.linkedin.com/jobs/view/business-analyst-at-acuity-software-technologies-3241990928?refId=w0r2v4%2BuqbtUWSjWOFTKGw%3D%3D&trackingId=VupNHJOsPrTb%2F4O33u3Q9A%3D%3D&position=20&pageNum=0&trk=public_jobs_jserp-result_search-card,01-09-2022_12:24:05
Business Analyst,Vymo,"Bengaluru, Karnataka, India",17 hours ago,https://in.linkedin.com/jobs/view/business-analyst-at-vymo-3241615766?refId=w0r2v4%2BuqbtUWSjWOFTKGw%3D%3D&trackingId=kFH1VVN08hP6zod0Z4O1gA%3D%3D&position=21&pageNum=0&trk=public_jobs_jserp-result_search-card,01-09-2022_12:24:05
ERP Business Analyst,FARFETCH,"Narsapur, Telangana, India",15 hours ago,https://in.linkedin.com/jobs/view/erp-business-analyst-at-farfetch-3245089565?refId=w0r2v4%2BuqbtUWSjWOFTKGw%3D%3D&trackingId=fSnrTHFfK6SxKH5zFxcJsQ%3D%3D&position=22&pageNum=0&trk=public_jobs_jserp-result_search-card,01-09-2022_12:24:05
Business Analyst,Kore.ai,"Hyderabad, Telangana, India",17 hours ago,https://in.linkedin.com/jobs/view/business-analyst-at-kore-ai-3241617586?refId=w0r2v4%2BuqbtUWSjWOFTKGw%3D%3D&trackingId=hhVffp4SqQyvLdj6WEOEoA%3D%3D&position=23&pageNum=0&trk=public_jobs_jserp-result_search-card,01-09-2022_12:24:05
Business Analyst I,Mouser Electronics,"Pune, Maharashtra, India",21 hours ago,https://in.linkedin.com/jobs/view/business-analyst-i-at-mouser-electronics-3139052851?refId=w0r2v4%2BuqbtUWSjWOFTKGw%3D%3D&trackingId=J9htiRjt7HiUHYgRZ7qGkA%3D%3D&position=24&pageNum=0&trk=public_jobs_jserp-result_search-card,01-09-2022_12:24:05
Business Analyst,CloudXperts Consulting Pvt Ltd,"Noida, Uttar Pradesh, India",1 hour ago,https://in.linkedin.com/jobs/view/business-analyst-at-cloudxperts-consulting-pvt-ltd-3246400930?refId=w0r2v4%2BuqbtUWSjWOFTKGw%3D%3D&trackingId=kXJytbQty2Yhfob1l5N0jw%3D%3D&position=25&pageNum=0&trk=public_jobs_jserp-result_search-card,01-09-2022_12:24:05
Business Analyst,Euromonitor International,"Bengaluru, Karnataka, India",1 hour ago,https://in.linkedin.com/jobs/view/business-analyst-at-euromonitor-international-3241997589?refId=kupqhkp%2BHqCcrmUoIz%2FBUA%3D%3D&trackingId=kuCe2NQ98RKEjhEKSoS6OA%3D%3D&position=1&pageNum=0&trk=public_jobs_jserp-result_search-card,01-09-2022_12:24:05
Business Analyst,ApplyBoard,"Gurgaon, Haryana, India",20 hours ago,https://in.linkedin.com/jobs/view/business-analyst-at-applyboard-2890691055?refId=kupqhkp%2BHqCcrmUoIz%2FBUA%3D%3D&trackingId=6PX8PGPlyVhuEm3xdItL6g%3D%3D&position=2&pageNum=0&trk=public_jobs_jserp-result_search-card,01-09-2022_12:24:05
Business Analyst,Juppiter AI Labs ✔,India,16 hours ago,https://in.linkedin.com/jobs/view/business-analyst-at-juppiter-ai-labs-%E2%9C%94-3246900722?refId=kupqhkp%2BHqCcrmUoIz%2FBUA%3D%3D&trackingId=8gLEZB3xr8XF2X8MX8ywZQ%3D%3D&position=3&pageNum=0&trk=public_jobs_jserp-result_search-card,01-09-2022_12:24:05
Business Analyst,MetricStream,"Bengaluru, Karnataka, India",21 hours ago,https://in.linkedin.com/jobs/view/business-analyst-at-metricstream-3175674570?refId=kupqhkp%2BHqCcrmUoIz%2FBUA%3D%3D&trackingId=dngeUFEzEkiDxmdPzDpiDQ%3D%3D&position=4&pageNum=0&trk=public_jobs_jserp-result_search-card,01-09-2022_12:24:05
Business Analyst,Android Developer,"Gurugram, Haryana, India",23 hours ago,https://in.linkedin.com/jobs/view/business-analyst-at-android-developer-3244563035?refId=kupqhkp%2BHqCcrmUoIz%2FBUA%3D%3D&trackingId=HvBmNTInk1y5R%2B1cgo4nYA%3D%3D&position=5&pageNum=0&trk=public_jobs_jserp-result_search-card,01-09-2022_12:24:05
Business Analyst,Crox Consulting Inc,"Gandhinagar, Gujarat, India",1 hour ago,https://in.linkedin.com/jobs/view/business-analyst-at-crox-consulting-inc-3242204220?refId=kupqhkp%2BHqCcrmUoIz%2FBUA%3D%3D&trackingId=Rs4reLakCag4rJjNujz5Ow%3D%3D&position=6&pageNum=0&trk=public_jobs_jserp-result_search-card,01-09-2022_12:24:05
Business Analyst,MetricStream,"Pune, Maharashtra, India",21 hours ago,https://in.linkedin.com/jobs/view/business-analyst-at-metricstream-3175673727?refId=kupqhkp%2BHqCcrmUoIz%2FBUA%3D%3D&trackingId=qNOCvuQVVJM43JZ%2Fr7qvWw%3D%3D&position=7&pageNum=0&trk=public_jobs_jserp-result_search-card,01-09-2022_12:24:05
Business Analyst,INADEV,"Hayathnagar, Telangana, India",5 hours ago,https://in.linkedin.com/jobs/view/business-analyst-at-inadev-3247471301?refId=kupqhkp%2BHqCcrmUoIz%2FBUA%3D%3D&trackingId=B3WIbQo9IMz7HGo6hYz5Kg%3D%3D&position=8&pageNum=0&trk=public_jobs_jserp-result_search-card,01-09-2022_12:24:05
Business Analyst,MetricStream,"Hyderabad, Telangana, India",21 hours ago,https://in.linkedin.com/jobs/view/business-analyst-at-metricstream-3175677283?refId=kupqhkp%2BHqCcrmUoIz%2FBUA%3D%3D&trackingId=%2Fxj0Usi4z3WdU8iZMCTUlA%3D%3D&position=9&pageNum=0&trk=public_jobs_jserp-result_search-card,01-09-2022_12:24:05
Business Analyst,Craft Silicon Asia,"Bengaluru, Karnataka, India",2 hours ago,https://in.linkedin.com/jobs/view/business-analyst-at-craft-silicon-asia-3227507646?refId=kupqhkp%2BHqCcrmUoIz%2FBUA%3D%3D&trackingId=bRGv3d4W4CSKcuXRC9LQJg%3D%3D&position=10&pageNum=0&trk=public_jobs_jserp-result_search-card,01-09-2022_12:24:05
Business Analyst,MetricStream,"Noida, Uttar Pradesh, India",21 hours ago,https://in.linkedin.com/jobs/view/business-analyst-at-metricstream-3175674571?refId=kupqhkp%2BHqCcrmUoIz%2FBUA%3D%3D&trackingId=GiHTcMxgzJqNdP4JzSX%2BJQ%3D%3D&position=11&pageNum=0&trk=public_jobs_jserp-result_search-card,01-09-2022_12:24:05
Business Analyst,MetricStream,"Mumbai, Maharashtra, India",21 hours ago,https://in.linkedin.com/jobs/view/business-analyst-at-metricstream-3175671861?refId=kupqhkp%2BHqCcrmUoIz%2FBUA%3D%3D&trackingId=O6QKzTRqCELNw%2BW7i1WHsA%3D%3D&position=12&pageNum=0&trk=public_jobs_jserp-result_search-card,01-09-2022_12:24:05
Business Analyst,MetricStream,"Gurgaon, Haryana, India",21 hours ago,https://in.linkedin.com/jobs/view/business-analyst-at-metricstream-3175677288?refId=kupqhkp%2BHqCcrmUoIz%2FBUA%3D%3D&trackingId=2FQ71Dth0VIYbi4kqTjb6Q%3D%3D&position=13&pageNum=0&trk=public_jobs_jserp-result_search-card,01-09-2022_12:24:05
Business Analyst,MetricStream,"New Delhi, Delhi, India",21 hours ago,https://in.linkedin.com/jobs/view/business-analyst-at-metricstream-3175676315?refId=kupqhkp%2BHqCcrmUoIz%2FBUA%3D%3D&trackingId=gXND%2B5OrJXWEMuxNC7A%2FwA%3D%3D&position=14&pageNum=0&trk=public_jobs_jserp-result_search-card,01-09-2022_12:24:05
Business Analyst,MetricStream,"Chennai, Tamil Nadu, India",21 hours ago,https://in.linkedin.com/jobs/view/business-analyst-at-metricstream-3175676319?refId=kupqhkp%2BHqCcrmUoIz%2FBUA%3D%3D&trackingId=eDT2Z%2BkIPqdOYHpV7mkp1Q%3D%3D&position=15&pageNum=0&trk=public_jobs_jserp-result_search-card,01-09-2022_12:24:05
Business Analyst,Trading Technologies,"Pune, Maharashtra, India",18 hours ago,https://in.linkedin.com/jobs/view/business-analyst-at-trading-technologies-3241610606?refId=kupqhkp%2BHqCcrmUoIz%2FBUA%3D%3D&trackingId=XIYrob24lzV0P0YqfASIkg%3D%3D&position=16&pageNum=0&trk=public_jobs_jserp-result_search-card,01-09-2022_12:24:05
Business Analyst,MetricStream,"Kolkata, West Bengal, India",21 hours ago,https://in.linkedin.com/jobs/view/business-analyst-at-metricstream-3175677281?refId=kupqhkp%2BHqCcrmUoIz%2FBUA%3D%3D&trackingId=gZfTYPve7yhXI%2BZZ9Alyow%3D%3D&position=17&pageNum=0&trk=public_jobs_jserp-result_search-card,01-09-2022_12:24:05
Business Analyst,Indeses Business Ventures Pvt.Ltd,"Jaipur, Rajasthan, India",52 minutes ago,https://in.linkedin.com/jobs/view/business-analyst-at-indeses-business-ventures-pvt-ltd-3246409710?refId=kupqhkp%2BHqCcrmUoIz%2FBUA%3D%3D&trackingId=Upo1frmfYcKpj1ELSwIFBA%3D%3D&position=18&pageNum=0&trk=public_jobs_jserp-result_search-card,01-09-2022_12:24:05
Business Analyst/Sr. Business Analyst,ARSCCOM,"Bengaluru, Karnataka, India",15 hours ago,https://in.linkedin.com/jobs/view/business-analyst-sr-business-analyst-at-arsccom-3245091875?refId=kupqhkp%2BHqCcrmUoIz%2FBUA%3D%3D&trackingId=2sT6gcxz%2BdVBfB2%2BqAtY2g%3D%3D&position=19&pageNum=0&trk=public_jobs_jserp-result_search-card,01-09-2022_12:24:05
Business Analyst,Acuity Software Technologies,"Hyderabad, Telangana, India",2 hours ago,https://in.linkedin.com/jobs/view/business-analyst-at-acuity-software-technologies-3241990928?refId=kupqhkp%2BHqCcrmUoIz%2FBUA%3D%3D&trackingId=AhX13d%2BhkEnoEdOzyRq9%2BQ%3D%3D&position=20&pageNum=0&trk=public_jobs_jserp-result_search-card,01-09-2022_12:24:05
Business Analyst,Vymo,"Bengaluru, Karnataka, India",17 hours ago,https://in.linkedin.com/jobs/view/business-analyst-at-vymo-3241615766?refId=kupqhkp%2BHqCcrmUoIz%2FBUA%3D%3D&trackingId=Wd12BtR4kh4Na9Vgf%2FdALw%3D%3D&position=21&pageNum=0&trk=public_jobs_jserp-result_search-card,01-09-2022_12:24:05
ERP Business Analyst,FARFETCH,"Narsapur, Telangana, India",15 hours ago,https://in.linkedin.com/jobs/view/erp-business-analyst-at-farfetch-3245089565?refId=kupqhkp%2BHqCcrmUoIz%2FBUA%3D%3D&trackingId=nE%2FD9YdKRPRFVcEADYaq5A%3D%3D&position=22&pageNum=0&trk=public_jobs_jserp-result_search-card,01-09-2022_12:24:05
Business Analyst,Kore.ai,"Hyderabad, Telangana, India",17 hours ago,https://in.linkedin.com/jobs/view/business-analyst-at-kore-ai-3241617586?refId=kupqhkp%2BHqCcrmUoIz%2FBUA%3D%3D&trackingId=UzsMbGOLk1AgYvBbCzU5Jw%3D%3D&position=23&pageNum=0&trk=public_jobs_jserp-result_search-card,01-09-2022_12:24:05
Business Analyst I,Mouser Electronics,"Pune, Maharashtra, India",21 hours ago,https://in.linkedin.com/jobs/view/business-analyst-i-at-mouser-electronics-3139052851?refId=kupqhkp%2BHqCcrmUoIz%2FBUA%3D%3D&trackingId=nBOpsyfEMmZvFxntdqMlkA%3D%3D&position=24&pageNum=0&trk=public_jobs_jserp-result_search-card,01-09-2022_12:24:05
Business Analyst,CloudXperts Consulting Pvt Ltd,"Noida, Uttar Pradesh, India",1 hour ago,https://in.linkedin.com/jobs/view/business-analyst-at-cloudxperts-consulting-pvt-ltd-3246400930?refId=kupqhkp%2BHqCcrmUoIz%2FBUA%3D%3D&trackingId=%2B3%2F0KxgO6fAMfXXeo%2Bd1Uw%3D%3D&position=25&pageNum=0&trk=public_jobs_jserp-result_search-card,01-09-2022_12:24:05
Business Analyst,Euromonitor International,"Bengaluru, Karnataka, India",1 hour ago,https://in.linkedin.com/jobs/view/business-analyst-at-euromonitor-international-3241997589?refId=0n%2BJ6KTyN%2B08lKv22QCFDA%3D%3D&trackingId=cpnnRuZWrJal6%2BD%2BqhWWKQ%3D%3D&position=1&pageNum=0&trk=public_jobs_jserp-result_search-card,01-09-2022_12:24:05
Business Analyst,ApplyBoard,"Gurgaon, Haryana, India",20 hours ago,https://in.linkedin.com/jobs/view/business-analyst-at-applyboard-2890691055?refId=0n%2BJ6KTyN%2B08lKv22QCFDA%3D%3D&trackingId=V8Ifzs7EZoOz%2BiXgnEyNVA%3D%3D&position=2&pageNum=0&trk=public_jobs_jserp-result_search-card,01-09-2022_12:24:05
Business Analyst,Juppiter AI Labs ✔,India,16 hours ago,https://in.linkedin.com/jobs/view/business-analyst-at-juppiter-ai-labs-%E2%9C%94-3246900722?refId=0n%2BJ6KTyN%2B08lKv22QCFDA%3D%3D&trackingId=W2JaQHvSo3d9NrzDr7Nd7A%3D%3D&position=3&pageNum=0&trk=public_jobs_jserp-result_search-card,01-09-2022_12:24:05
Business Analyst,MetricStream,"Bengaluru, Karnataka, India",21 hours ago,https://in.linkedin.com/jobs/view/business-analyst-at-metricstream-3175674570?refId=0n%2BJ6KTyN%2B08lKv22QCFDA%3D%3D&trackingId=cj1NKD83FJzC555E9KnUxA%3D%3D&position=4&pageNum=0&trk=public_jobs_jserp-result_search-card,01-09-2022_12:24:05
Business Analyst,Android Developer,"Gurugram, Haryana, India",23 hours ago,https://in.linkedin.com/jobs/view/business-analyst-at-android-developer-3244563035?refId=0n%2BJ6KTyN%2B08lKv22QCFDA%3D%3D&trackingId=b1Dbte2%2FYplW3C1AI3HMHg%3D%3D&position=5&pageNum=0&trk=public_jobs_jserp-result_search-card,01-09-2022_12:24:05
Business Analyst,Crox Consulting Inc,"Gandhinagar, Gujarat, India",1 hour ago,https://in.linkedin.com/jobs/view/business-analyst-at-crox-consulting-inc-3242204220?refId=0n%2BJ6KTyN%2B08lKv22QCFDA%3D%3D&trackingId=9dtMNexuvCbtpaMOEO%2FH%2BQ%3D%3D&position=6&pageNum=0&trk=public_jobs_jserp-result_search-card,01-09-2022_12:24:05
Business Analyst,MetricStream,"Pune, Maharashtra, India",21 hours ago,https://in.linkedin.com/jobs/view/business-analyst-at-metricstream-3175673727?refId=0n%2BJ6KTyN%2B08lKv22QCFDA%3D%3D&trackingId=r8e%2BJ93DS6XzBgMe5LD22A%3D%3D&position=7&pageNum=0&trk=public_jobs_jserp-result_search-card,01-09-2022_12:24:05
Business Analyst,INADEV,"Hayathnagar, Telangana, India",6 hours ago,https://in.linkedin.com/jobs/view/business-analyst-at-inadev-3247471301?refId=0n%2BJ6KTyN%2B08lKv22QCFDA%3D%3D&trackingId=84Q2DLwbLE3S%2BotdztpOmA%3D%3D&position=8&pageNum=0&trk=public_jobs_jserp-result_search-card,01-09-2022_12:24:05
Business Analyst,MetricStream,"Hyderabad, Telangana, India",21 hours ago,https://in.linkedin.com/jobs/view/business-analyst-at-metricstream-3175677283?refId=0n%2BJ6KTyN%2B08lKv22QCFDA%3D%3D&trackingId=Jd%2BZJ57CW79xJJoxvdg78w%3D%3D&position=9&pageNum=0&trk=public_jobs_jserp-result_search-card,01-09-2022_12:24:05
Business Analyst,Craft Silicon Asia,"Bengaluru, Karnataka, India",2 hours ago,https://in.linkedin.com/jobs/view/business-analyst-at-craft-silicon-asia-3227507646?refId=0n%2BJ6KTyN%2B08lKv22QCFDA%3D%3D&trackingId=uBbjjik%2Fp3b1oe535DlKvQ%3D%3D&position=10&pageNum=0&trk=public_jobs_jserp-result_search-card,01-09-2022_12:24:05
Business Analyst,MetricStream,"Noida, Uttar Pradesh, India",21 hours ago,https://in.linkedin.com/jobs/view/business-analyst-at-metricstream-3175674571?refId=0n%2BJ6KTyN%2B08lKv22QCFDA%3D%3D&trackingId=N09DXA8VGV1Yb9VC1zaYVw%3D%3D&position=11&pageNum=0&trk=public_jobs_jserp-result_search-card,01-09-2022_12:24:05
Business Analyst,MetricStream,"Mumbai, Maharashtra, India",21 hours ago,https://in.linkedin.com/jobs/view/business-analyst-at-metricstream-3175671861?refId=0n%2BJ6KTyN%2B08lKv22QCFDA%3D%3D&trackingId=G6x7vM54xIM7jklHlI1zhg%3D%3D&position=12&pageNum=0&trk=public_jobs_jserp-result_search-card,01-09-2022_12:24:05
Business Analyst,MetricStream,"Gurgaon, Haryana, India",21 hours ago,https://in.linkedin.com/jobs/view/business-analyst-at-metricstream-3175677288?refId=0n%2BJ6KTyN%2B08lKv22QCFDA%3D%3D&trackingId=tbw%2BoNPsBYbdACHCyznZjg%3D%3D&position=13&pageNum=0&trk=public_jobs_jserp-result_search-card,01-09-2022_12:24:05
Business Analyst,MetricStream,"New Delhi, Delhi, India",21 hours ago,https://in.linkedin.com/jobs/view/business-analyst-at-metricstream-3175676315?refId=0n%2BJ6KTyN%2B08lKv22QCFDA%3D%3D&trackingId=PSZvSGP6%2FVHgIh1hoCkheQ%3D%3D&position=14&pageNum=0&trk=public_jobs_jserp-result_search-card,01-09-2022_12:24:05
Business Analyst,MetricStream,"Chennai, Tamil Nadu, India",21 hours ago,https://in.linkedin.com/jobs/view/business-analyst-at-metricstream-3175676319?refId=0n%2BJ6KTyN%2B08lKv22QCFDA%3D%3D&trackingId=cTTV445LV3rwIR5GWPDOOg%3D%3D&position=15&pageNum=0&trk=public_jobs_jserp-result_search-card,01-09-2022_12:24:05
Business Analyst,Trading Technologies,"Pune, Maharashtra, India",18 hours ago,https://in.linkedin.com/jobs/view/business-analyst-at-trading-technologies-3241610606?refId=0n%2BJ6KTyN%2B08lKv22QCFDA%3D%3D&trackingId=R9pYuvQKlrRMrEr6noOu0A%3D%3D&position=16&pageNum=0&trk=public_jobs_jserp-result_search-card,01-09-2022_12:24:05
Business Analyst,MetricStream,"Kolkata, West Bengal, India",21 hours ago,https://in.linkedin.com/jobs/view/business-analyst-at-metricstream-3175677281?refId=0n%2BJ6KTyN%2B08lKv22QCFDA%3D%3D&trackingId=tD8hjO1gMp7niO5ldBxDeg%3D%3D&position=17&pageNum=0&trk=public_jobs_jserp-result_search-card,01-09-2022_12:24:05
Business Analyst,Indeses Business Ventures Pvt.Ltd,"Jaipur, Rajasthan, India",53 minutes ago,https://in.linkedin.com/jobs/view/business-analyst-at-indeses-business-ventures-pvt-ltd-3246409710?refId=0n%2BJ6KTyN%2B08lKv22QCFDA%3D%3D&trackingId=YPsyjiTo7IQJI5U9WkTpPw%3D%3D&position=18&pageNum=0&trk=public_jobs_jserp-result_search-card,01-09-2022_12:24:05
Business Analyst/Sr. Business Analyst,ARSCCOM,"Bengaluru, Karnataka, India",15 hours ago,https://in.linkedin.com/jobs/view/business-analyst-sr-business-analyst-at-arsccom-3245091875?refId=0n%2BJ6KTyN%2B08lKv22QCFDA%3D%3D&trackingId=g3WnUOULJ9GiP3EGhI5hhA%3D%3D&position=19&pageNum=0&trk=public_jobs_jserp-result_search-card,01-09-2022_12:24:05
Business Analyst,Acuity Software Technologies,"Hyderabad, Telangana, India",2 hours ago,https://in.linkedin.com/jobs/view/business-analyst-at-acuity-software-technologies-3241990928?refId=0n%2BJ6KTyN%2B08lKv22QCFDA%3D%3D&trackingId=rTHlJJtsjuoAz%2Fm%2Flr01Rw%3D%3D&position=20&pageNum=0&trk=public_jobs_jserp-result_search-card,01-09-2022_12:24:05
Business Analyst,Vymo,"Bengaluru, Karnataka, India",17 hours ago,https://in.linkedin.com/jobs/view/business-analyst-at-vymo-3241615766?refId=0n%2BJ6KTyN%2B08lKv22QCFDA%3D%3D&trackingId=SqzKSE2XOi8j64W%2Bo7mT8w%3D%3D&position=21&pageNum=0&trk=public_jobs_jserp-result_search-card,01-09-2022_12:24:05
ERP Business Analyst,FARFETCH,"Narsapur, Telangana, India",15 hours ago,https://in.linkedin.com/jobs/view/erp-business-analyst-at-farfetch-3245089565?refId=0n%2BJ6KTyN%2B08lKv22QCFDA%3D%3D&trackingId=1zIKPm5focmjNwwPM7MIdA%3D%3D&position=22&pageNum=0&trk=public_jobs_jserp-result_search-card,01-09-2022_12:24:05
Business Analyst,Kore.ai,"Hyderabad, Telangana, India",17 hours ago,https://in.linkedin.com/jobs/view/business-analyst-at-kore-ai-3241617586?refId=0n%2BJ6KTyN%2B08lKv22QCFDA%3D%3D&trackingId=QBiPQx5KLssV%2B2bJVkfZTg%3D%3D&position=23&pageNum=0&trk=public_jobs_jserp-result_search-card,01-09-2022_12:24:05
Business Analyst I,Mouser Electronics,"Pune, Maharashtra, India",21 hours ago,https://in.linkedin.com/jobs/view/business-analyst-i-at-mouser-electronics-3139052851?refId=0n%2BJ6KTyN%2B08lKv22QCFDA%3D%3D&trackingId=O5HuVoKtRjghf%2B1IXY%2BvBw%3D%3D&position=24&pageNum=0&trk=public_jobs_jserp-result_search-card,01-09-2022_12:24:05
Business Analyst,Gmware,"Sahibzada Ajit Singh Nagar, Punjab, India",1 hour ago,https://in.linkedin.com/jobs/view/business-analyst-at-gmware-3246093135?refId=0n%2BJ6KTyN%2B08lKv22QCFDA%3D%3D&trackingId=b8gHZ5sqx7fdD3ocJlUkWw%3D%3D&position=25&pageNum=0&trk=public_jobs_jserp-result_search-card,01-09-2022_12:24:05
Business Analyst,Euromonitor International,"Bengaluru, Karnataka, India",1 hour ago,https://in.linkedin.com/jobs/view/business-analyst-at-euromonitor-international-3241997589?refId=b4zoDV3ZlcF%2BxfMdqv32nw%3D%3D&trackingId=n9G8aJPzKot75Zn0tSCxew%3D%3D&position=1&pageNum=0&trk=public_jobs_jserp-result_search-card,01-09-2022_12:24:05
Business Analyst,ApplyBoard,"Gurgaon, Haryana, India",20 hours ago,https://in.linkedin.com/jobs/view/business-analyst-at-applyboard-2890691055?refId=b4zoDV3ZlcF%2BxfMdqv32nw%3D%3D&trackingId=GvCdZDuc76Nall5JbtYpCw%3D%3D&position=2&pageNum=0&trk=public_jobs_jserp-result_search-card,01-09-2022_12:24:05
Business Analyst,Juppiter AI Labs ✔,India,16 hours ago,https://in.linkedin.com/jobs/view/business-analyst-at-juppiter-ai-labs-%E2%9C%94-3246900722?refId=b4zoDV3ZlcF%2BxfMdqv32nw%3D%3D&trackingId=RyNL%2FHLoMPUQZB4MlHi3xQ%3D%3D&position=3&pageNum=0&trk=public_jobs_jserp-result_search-card,01-09-2022_12:24:05
Business Analyst,MetricStream,"Bengaluru, Karnataka, India",21 hours ago,https://in.linkedin.com/jobs/view/business-analyst-at-metricstream-3175674570?refId=b4zoDV3ZlcF%2BxfMdqv32nw%3D%3D&trackingId=%2Bz7rhNABLswUCurI8lI5IA%3D%3D&position=4&pageNum=0&trk=public_jobs_jserp-result_search-card,01-09-2022_12:24:05
Business Analyst,Android Developer,"Gurugram, Haryana, India",23 hours ago,https://in.linkedin.com/jobs/view/business-analyst-at-android-developer-3244563035?refId=b4zoDV3ZlcF%2BxfMdqv32nw%3D%3D&trackingId=V6jPVZFEPDSeLFeT7okWOQ%3D%3D&position=5&pageNum=0&trk=public_jobs_jserp-result_search-card,01-09-2022_12:24:05
Business Analyst,Crox Consulting Inc,"Gandhinagar, Gujarat, India",1 hour ago,https://in.linkedin.com/jobs/view/business-analyst-at-crox-consulting-inc-3242204220?refId=b4zoDV3ZlcF%2BxfMdqv32nw%3D%3D&trackingId=ZFctu%2FVSATrGF9IqM%2F5s%2BQ%3D%3D&position=6&pageNum=0&trk=public_jobs_jserp-result_search-card,01-09-2022_12:24:05
Business Analyst,MetricStream,"Pune, Maharashtra, India",21 hours ago,https://in.linkedin.com/jobs/view/business-analyst-at-metricstream-3175673727?refId=b4zoDV3ZlcF%2BxfMdqv32nw%3D%3D&trackingId=3b9HHp5RtmX4J%2BLqQPLHfQ%3D%3D&position=7&pageNum=0&trk=public_jobs_jserp-result_search-card,01-09-2022_12:24:05
Business Analyst,INADEV,"Hayathnagar, Telangana, India",6 hours ago,https://in.linkedin.com/jobs/view/business-analyst-at-inadev-3247471301?refId=b4zoDV3ZlcF%2BxfMdqv32nw%3D%3D&trackingId=uzGwfdPX4%2FLq91YSASHEEA%3D%3D&position=8&pageNum=0&trk=public_jobs_jserp-result_search-card,01-09-2022_12:24:05
Business Analyst,MetricStream,"Hyderabad, Telangana, India",21 hours ago,https://in.linkedin.com/jobs/view/business-analyst-at-metricstream-3175677283?refId=b4zoDV3ZlcF%2BxfMdqv32nw%3D%3D&trackingId=dBPUNN24eAZfQfLk01OxZw%3D%3D&position=9&pageNum=0&trk=public_jobs_jserp-result_search-card,01-09-2022_12:24:05
Business Analyst,Craft Silicon Asia,"Bengaluru, Karnataka, India",2 hours ago,https://in.linkedin.com/jobs/view/business-analyst-at-craft-silicon-asia-3227507646?refId=b4zoDV3ZlcF%2BxfMdqv32nw%3D%3D&trackingId=CS0Z%2B3M2ZUt2ngBxnwrSHQ%3D%3D&position=10&pageNum=0&trk=public_jobs_jserp-result_search-card,01-09-2022_12:24:05
Business Analyst,MetricStream,"Noida, Uttar Pradesh, India",21 hours ago,https://in.linkedin.com/jobs/view/business-analyst-at-metricstream-3175674571?refId=b4zoDV3ZlcF%2BxfMdqv32nw%3D%3D&trackingId=ZTjxWAf4TY3VGBhc8xSFrA%3D%3D&position=11&pageNum=0&trk=public_jobs_jserp-result_search-card,01-09-2022_12:24:05
Business Analyst,MetricStream,"Mumbai, Maharashtra, India",21 hours ago,https://in.linkedin.com/jobs/view/business-analyst-at-metricstream-3175671861?refId=b4zoDV3ZlcF%2BxfMdqv32nw%3D%3D&trackingId=922UVoWAZtk7aSs9x3v52Q%3D%3D&position=12&pageNum=0&trk=public_jobs_jserp-result_search-card,01-09-2022_12:24:05
Business Analyst,MetricStream,"Gurgaon, Haryana, India",21 hours ago,https://in.linkedin.com/jobs/view/business-analyst-at-metricstream-3175677288?refId=b4zoDV3ZlcF%2BxfMdqv32nw%3D%3D&trackingId=ZQGdk18WO6ERMRQ5UhhGDw%3D%3D&position=13&pageNum=0&trk=public_jobs_jserp-result_search-card,01-09-2022_12:24:05
Business Analyst,MetricStream,"New Delhi, Delhi, India",21 hours ago,https://in.linkedin.com/jobs/view/business-analyst-at-metricstream-3175676315?refId=b4zoDV3ZlcF%2BxfMdqv32nw%3D%3D&trackingId=hXFncvBxAJYvf9FRm7oGDA%3D%3D&position=14&pageNum=0&trk=public_jobs_jserp-result_search-card,01-09-2022_12:24:05
Business Analyst,MetricStream,"Chennai, Tamil Nadu, India",21 hours ago,https://in.linkedin.com/jobs/view/business-analyst-at-metricstream-3175676319?refId=b4zoDV3ZlcF%2BxfMdqv32nw%3D%3D&trackingId=L0QUy9yPpid%2BFSQx4uiUMQ%3D%3D&position=15&pageNum=0&trk=public_jobs_jserp-result_search-card,01-09-2022_12:24:05
Business Analyst,Trading Technologies,"Pune, Maharashtra, India",18 hours ago,https://in.linkedin.com/jobs/view/business-analyst-at-trading-technologies-3241610606?refId=b4zoDV3ZlcF%2BxfMdqv32nw%3D%3D&trackingId=in1%2FONSmjMagK7u7rkKxRg%3D%3D&position=16&pageNum=0&trk=public_jobs_jserp-result_search-card,01-09-2022_12:24:05
Business Analyst,MetricStream,"Kolkata, West Bengal, India",21 hours ago,https://in.linkedin.com/jobs/view/business-analyst-at-metricstream-3175677281?refId=b4zoDV3ZlcF%2BxfMdqv32nw%3D%3D&trackingId=1NxoUXiO7Wp7Far9mFsTvA%3D%3D&position=17&pageNum=0&trk=public_jobs_jserp-result_search-card,01-09-2022_12:24:05
Business Analyst,Indeses Business Ventures Pvt.Ltd,"Jaipur, Rajasthan, India",53 minutes ago,https://in.linkedin.com/jobs/view/business-analyst-at-indeses-business-ventures-pvt-ltd-3246409710?refId=b4zoDV3ZlcF%2BxfMdqv32nw%3D%3D&trackingId=DSH8%2BUPeMhM%2BO8BU4uDNJA%3D%3D&position=18&pageNum=0&trk=public_jobs_jserp-result_search-card,01-09-2022_12:24:05
Business Analyst/Sr. Business Analyst,ARSCCOM,"Bengaluru, Karnataka, India",15 hours ago,https://in.linkedin.com/jobs/view/business-analyst-sr-business-analyst-at-arsccom-3245091875?refId=b4zoDV3ZlcF%2BxfMdqv32nw%3D%3D&trackingId=D59IQcDFRP%2BHhn5Q5%2Fk43Q%3D%3D&position=19&pageNum=0&trk=public_jobs_jserp-result_search-card,01-09-2022_12:24:05
Business Analyst,Acuity Software Technologies,"Hyderabad, Telangana, India",2 hours ago,https://in.linkedin.com/jobs/view/business-analyst-at-acuity-software-technologies-3241990928?refId=b4zoDV3ZlcF%2BxfMdqv32nw%3D%3D&trackingId=dcblpQgDwZ6aSgcyF%2BqbOg%3D%3D&position=20&pageNum=0&trk=public_jobs_jserp-result_search-card,01-09-2022_12:24:05
Business Analyst,Vymo,"Bengaluru, Karnataka, India",17 hours ago,https://in.linkedin.com/jobs/view/business-analyst-at-vymo-3241615766?refId=b4zoDV3ZlcF%2BxfMdqv32nw%3D%3D&trackingId=EbwUk%2BXNFaAzt2SZIow4MQ%3D%3D&position=21&pageNum=0&trk=public_jobs_jserp-result_search-card,01-09-2022_12:24:05
ERP Business Analyst,FARFETCH,"Narsapur, Telangana, India",15 hours ago,https://in.linkedin.com/jobs/view/erp-business-analyst-at-farfetch-3245089565?refId=b4zoDV3ZlcF%2BxfMdqv32nw%3D%3D&trackingId=5GPdPIgfZiU6v%2Fgg9C7InA%3D%3D&position=22&pageNum=0&trk=public_jobs_jserp-result_search-card,01-09-2022_12:24:05
Business Analyst,Kore.ai,"Hyderabad, Telangana, India",17 hours ago,https://in.linkedin.com/jobs/view/business-analyst-at-kore-ai-3241617586?refId=b4zoDV3ZlcF%2BxfMdqv32nw%3D%3D&trackingId=BLFaHGtCGgHs5xRjReBojg%3D%3D&position=23&pageNum=0&trk=public_jobs_jserp-result_search-card,01-09-2022_12:24:05
Business Analyst I,Mouser Electronics,"Pune, Maharashtra, India",21 hours ago,https://in.linkedin.com/jobs/view/business-analyst-i-at-mouser-electronics-3139052851?refId=b4zoDV3ZlcF%2BxfMdqv32nw%3D%3D&trackingId=eUFCMXI735cgY9eW1%2BYtQQ%3D%3D&position=24&pageNum=0&trk=public_jobs_jserp-result_search-card,01-09-2022_12:24:05
Business Analyst,Gmware,"Sahibzada Ajit Singh Nagar, Punjab, India",1 hour ago,https://in.linkedin.com/jobs/view/business-analyst-at-gmware-3246093135?refId=b4zoDV3ZlcF%2BxfMdqv32nw%3D%3D&trackingId=7xw5b1ES4rARV37unPMCBA%3D%3D&position=25&pageNum=0&trk=public_jobs_jserp-result_search-card,01-09-2022_12:24:05
Business Analyst,Euromonitor International,"Bengaluru, Karnataka, India",1 hour ago,https://in.linkedin.com/jobs/view/business-analyst-at-euromonitor-international-3241997589?refId=lu3TkXo2BwAKdL5Gb1JT%2Fw%3D%3D&trackingId=254l2rkcbVE0IWEmryGz8Q%3D%3D&position=1&pageNum=0&trk=public_jobs_jserp-result_search-card,01-09-2022_12:24:05
Business Analyst,ApplyBoard,"Gurgaon, Haryana, India",20 hours ago,https://in.linkedin.com/jobs/view/business-analyst-at-applyboard-2890691055?refId=lu3TkXo2BwAKdL5Gb1JT%2Fw%3D%3D&trackingId=lhie8KXrexKeXTz0MqPm8A%3D%3D&position=2&pageNum=0&trk=public_jobs_jserp-result_search-card,01-09-2022_12:24:05
Business Analyst,Juppiter AI Labs ✔,India,16 hours ago,https://in.linkedin.com/jobs/view/business-analyst-at-juppiter-ai-labs-%E2%9C%94-3246900722?refId=lu3TkXo2BwAKdL5Gb1JT%2Fw%3D%3D&trackingId=dy2P3uE5XyFLJjJs6rm1DA%3D%3D&position=3&pageNum=0&trk=public_jobs_jserp-result_search-card,01-09-2022_12:24:05
Business Analyst,MetricStream,"Bengaluru, Karnataka, India",21 hours ago,https://in.linkedin.com/jobs/view/business-analyst-at-metricstream-3175674570?refId=lu3TkXo2BwAKdL5Gb1JT%2Fw%3D%3D&trackingId=SjRmo8v1hgkpfo%2FTwq7ISA%3D%3D&position=4&pageNum=0&trk=public_jobs_jserp-result_search-card,01-09-2022_12:24:05
Business Analyst,Android Developer,"Gurugram, Haryana, India",23 hours ago,https://in.linkedin.com/jobs/view/business-analyst-at-android-developer-3244563035?refId=lu3TkXo2BwAKdL5Gb1JT%2Fw%3D%3D&trackingId=4nLDVSE1ehQYs2qlO7d%2BWg%3D%3D&position=5&pageNum=0&trk=public_jobs_jserp-result_search-card,01-09-2022_12:24:05
Business Analyst,Crox Consulting Inc,"Gandhinagar, Gujarat, India",1 hour ago,https://in.linkedin.com/jobs/view/business-analyst-at-crox-consulting-inc-3242204220?refId=lu3TkXo2BwAKdL5Gb1JT%2Fw%3D%3D&trackingId=JIRlcK8IBriH6m%2FY9Ik6Nw%3D%3D&position=6&pageNum=0&trk=public_jobs_jserp-result_search-card,01-09-2022_12:24:05
Business Analyst,MetricStream,"Pune, Maharashtra, India",21 hours ago,https://in.linkedin.com/jobs/view/business-analyst-at-metricstream-3175673727?refId=lu3TkXo2BwAKdL5Gb1JT%2Fw%3D%3D&trackingId=7S4UuUei10I%2BRb11G9AH0w%3D%3D&position=7&pageNum=0&trk=public_jobs_jserp-result_search-card,01-09-2022_12:24:05
Business Analyst,INADEV,"Hayathnagar, Telangana, India",6 hours ago,https://in.linkedin.com/jobs/view/business-analyst-at-inadev-3247471301?refId=lu3TkXo2BwAKdL5Gb1JT%2Fw%3D%3D&trackingId=qLBBttq3404b0r4ZEHVXVA%3D%3D&position=8&pageNum=0&trk=public_jobs_jserp-result_search-card,01-09-2022_12:24:05
Business Analyst,MetricStream,"Hyderabad, Telangana, India",21 hours ago,https://in.linkedin.com/jobs/view/business-analyst-at-metricstream-3175677283?refId=lu3TkXo2BwAKdL5Gb1JT%2Fw%3D%3D&trackingId=WDvGwNAowkuvrSxzn4AX%2Fg%3D%3D&position=9&pageNum=0&trk=public_jobs_jserp-result_search-card,01-09-2022_12:24:05
Business Analyst,Craft Silicon Asia,"Bengaluru, Karnataka, India",2 hours ago,https://in.linkedin.com/jobs/view/business-analyst-at-craft-silicon-asia-3227507646?refId=lu3TkXo2BwAKdL5Gb1JT%2Fw%3D%3D&trackingId=bM%2F5XdyyNT4uViN%2BebT90g%3D%3D&position=10&pageNum=0&trk=public_jobs_jserp-result_search-card,01-09-2022_12:24:05
Business Analyst,MetricStream,"Noida, Uttar Pradesh, India",21 hours ago,https://in.linkedin.com/jobs/view/business-analyst-at-metricstream-3175674571?refId=lu3TkXo2BwAKdL5Gb1JT%2Fw%3D%3D&trackingId=GnMnDOu15Rc609j2BM334g%3D%3D&position=11&pageNum=0&trk=public_jobs_jserp-result_search-card,01-09-2022_12:24:05
Business Analyst,MetricStream,"Mumbai, Maharashtra, India",21 hours ago,https://in.linkedin.com/jobs/view/business-analyst-at-metricstream-3175671861?refId=lu3TkXo2BwAKdL5Gb1JT%2Fw%3D%3D&trackingId=LktHkjoUXgbaVfqNK5Bwhg%3D%3D&position=12&pageNum=0&trk=public_jobs_jserp-result_search-card,01-09-2022_12:24:05
Business Analyst,MetricStream,"Gurgaon, Haryana, India",21 hours ago,https://in.linkedin.com/jobs/view/business-analyst-at-metricstream-3175677288?refId=lu3TkXo2BwAKdL5Gb1JT%2Fw%3D%3D&trackingId=oEwzunqUbwpV1m2DR%2BMPjQ%3D%3D&position=13&pageNum=0&trk=public_jobs_jserp-result_search-card,01-09-2022_12:24:05
Business Analyst,MetricStream,"New Delhi, Delhi, India",21 hours ago,https://in.linkedin.com/jobs/view/business-analyst-at-metricstream-3175676315?refId=lu3TkXo2BwAKdL5Gb1JT%2Fw%3D%3D&trackingId=7ANEycyL80y2sjcZr68vYA%3D%3D&position=14&pageNum=0&trk=public_jobs_jserp-result_search-card,01-09-2022_12:24:05
Business Analyst,MetricStream,"Chennai, Tamil Nadu, India",21 hours ago,https://in.linkedin.com/jobs/view/business-analyst-at-metricstream-3175676319?refId=lu3TkXo2BwAKdL5Gb1JT%2Fw%3D%3D&trackingId=%2F%2BGLfxk4DzJVV9OsStkMBw%3D%3D&position=15&pageNum=0&trk=public_jobs_jserp-result_search-card,01-09-2022_12:24:05
Business Analyst,Trading Technologies,"Pune, Maharashtra, India",18 hours ago,https://in.linkedin.com/jobs/view/business-analyst-at-trading-technologies-3241610606?refId=lu3TkXo2BwAKdL5Gb1JT%2Fw%3D%3D&trackingId=%2BSE6532wYpswPMBJL3%2BIgg%3D%3D&position=16&pageNum=0&trk=public_jobs_jserp-result_search-card,01-09-2022_12:24:05
Business Analyst,MetricStream,"Kolkata, West Bengal, India",21 hours ago,https://in.linkedin.com/jobs/view/business-analyst-at-metricstream-3175677281?refId=lu3TkXo2BwAKdL5Gb1JT%2Fw%3D%3D&trackingId=5Ux3bahgM41DBa4w4tdE%2FQ%3D%3D&position=17&pageNum=0&trk=public_jobs_jserp-result_search-card,01-09-2022_12:24:05
Business Analyst,Indeses Business Ventures Pvt.Ltd,"Jaipur, Rajasthan, India",53 minutes ago,https://in.linkedin.com/jobs/view/business-analyst-at-indeses-business-ventures-pvt-ltd-3246409710?refId=lu3TkXo2BwAKdL5Gb1JT%2Fw%3D%3D&trackingId=sd2%2FSak94mvx5TdCxWtRjw%3D%3D&position=18&pageNum=0&trk=public_jobs_jserp-result_search-card,01-09-2022_12:24:05
Business Analyst/Sr. Business Analyst,ARSCCOM,"Bengaluru, Karnataka, India",15 hours ago,https://in.linkedin.com/jobs/view/business-analyst-sr-business-analyst-at-arsccom-3245091875?refId=lu3TkXo2BwAKdL5Gb1JT%2Fw%3D%3D&trackingId=mgSiuEuVho%2B6SiuqkggDjw%3D%3D&position=19&pageNum=0&trk=public_jobs_jserp-result_search-card,01-09-2022_12:24:05
Business Analyst,Acuity Software Technologies,"Hyderabad, Telangana, India",2 hours ago,https://in.linkedin.com/jobs/view/business-analyst-at-acuity-software-technologies-3241990928?refId=lu3TkXo2BwAKdL5Gb1JT%2Fw%3D%3D&trackingId=MO5hxvpMbXL%2Fur1a2pwt8g%3D%3D&position=20&pageNum=0&trk=public_jobs_jserp-result_search-card,01-09-2022_12:24:05
Business Analyst,Vymo,"Bengaluru, Karnataka, India",17 hours ago,https://in.linkedin.com/jobs/view/business-analyst-at-vymo-3241615766?refId=lu3TkXo2BwAKdL5Gb1JT%2Fw%3D%3D&trackingId=Pe4bWZkRnIsaTCMxeJ%2B0Og%3D%3D&position=21&pageNum=0&trk=public_jobs_jserp-result_search-card,01-09-2022_12:24:05
ERP Business Analyst,FARFETCH,"Narsapur, Telangana, India",15 hours ago,https://in.linkedin.com/jobs/view/erp-business-analyst-at-farfetch-3245089565?refId=lu3TkXo2BwAKdL5Gb1JT%2Fw%3D%3D&trackingId=97axfEsc%2FoIWerYz5ZhqMA%3D%3D&position=22&pageNum=0&trk=public_jobs_jserp-result_search-card,01-09-2022_12:24:05
Business Analyst,Kore.ai,"Hyderabad, Telangana, India",17 hours ago,https://in.linkedin.com/jobs/view/business-analyst-at-kore-ai-3241617586?refId=lu3TkXo2BwAKdL5Gb1JT%2Fw%3D%3D&trackingId=IX79w%2Bv8UaxhUU3E%2B8CqlQ%3D%3D&position=23&pageNum=0&trk=public_jobs_jserp-result_search-card,01-09-2022_12:24:05
Business Analyst I,Mouser Electronics,"Pune, Maharashtra, India",21 hours ago,https://in.linkedin.com/jobs/view/business-analyst-i-at-mouser-electronics-3139052851?refId=lu3TkXo2BwAKdL5Gb1JT%2Fw%3D%3D&trackingId=wn21O%2Fycj1XQawRikVZ28A%3D%3D&position=24&pageNum=0&trk=public_jobs_jserp-result_search-card,01-09-2022_12:24:05
Business Analyst,Gmware,"Sahibzada Ajit Singh Nagar, Punjab, India",1 hour ago,https://in.linkedin.com/jobs/view/business-analyst-at-gmware-3246093135?refId=lu3TkXo2BwAKdL5Gb1JT%2Fw%3D%3D&trackingId=KCaH2a7PpQ%2B3vtE%2B4bzILA%3D%3D&position=25&pageNum=0&trk=public_jobs_jserp-result_search-card,01-09-2022_12:24:05
Business Analyst,Euromonitor International,"Bengaluru, Karnataka, India",1 hour ago,https://in.linkedin.com/jobs/view/business-analyst-at-euromonitor-international-3241997589?refId=QJUNXRTN41MhrXKR7OKdwg%3D%3D&trackingId=2X2X%2FUlpUkKcltdd4SxnZQ%3D%3D&position=1&pageNum=0&trk=public_jobs_jserp-result_search-card,01-09-2022_12:24:05
Business Analyst,ApplyBoard,"Gurgaon, Haryana, India",20 hours ago,https://in.linkedin.com/jobs/view/business-analyst-at-applyboard-2890691055?refId=QJUNXRTN41MhrXKR7OKdwg%3D%3D&trackingId=AgzOpSZlKQaKJFQDtbATFQ%3D%3D&position=2&pageNum=0&trk=public_jobs_jserp-result_search-card,01-09-2022_12:24:05
Business Analyst,Juppiter AI Labs ✔,India,16 hours ago,https://in.linkedin.com/jobs/view/business-analyst-at-juppiter-ai-labs-%E2%9C%94-3246900722?refId=QJUNXRTN41MhrXKR7OKdwg%3D%3D&trackingId=rQY7bfyxatedHkXgxLC0Kg%3D%3D&position=3&pageNum=0&trk=public_jobs_jserp-result_search-card,01-09-2022_12:24:05
Business Analyst,MetricStream,"Bengaluru, Karnataka, India",21 hours ago,https://in.linkedin.com/jobs/view/business-analyst-at-metricstream-3175674570?refId=QJUNXRTN41MhrXKR7OKdwg%3D%3D&trackingId=QhLEQUzITBdNF1ieZxzmxQ%3D%3D&position=4&pageNum=0&trk=public_jobs_jserp-result_search-card,01-09-2022_12:24:05
Business Analyst,Android Developer,"Gurugram, Haryana, India",23 hours ago,https://in.linkedin.com/jobs/view/business-analyst-at-android-developer-3244563035?refId=QJUNXRTN41MhrXKR7OKdwg%3D%3D&trackingId=8Re%2FvpOapkUjJIoKB9%2FqVA%3D%3D&position=5&pageNum=0&trk=public_jobs_jserp-result_search-card,01-09-2022_12:24:05
Business Analyst,Crox Consulting Inc,"Gandhinagar, Gujarat, India",1 hour ago,https://in.linkedin.com/jobs/view/business-analyst-at-crox-consulting-inc-3242204220?refId=QJUNXRTN41MhrXKR7OKdwg%3D%3D&trackingId=6laf7s%2FUeI9Ce6fcQGfWTg%3D%3D&position=6&pageNum=0&trk=public_jobs_jserp-result_search-card,01-09-2022_12:24:05
Business Analyst,MetricStream,"Pune, Maharashtra, India",21 hours ago,https://in.linkedin.com/jobs/view/business-analyst-at-metricstream-3175673727?refId=QJUNXRTN41MhrXKR7OKdwg%3D%3D&trackingId=p1VWZtahrQ4nHPDbjxNOOQ%3D%3D&position=7&pageNum=0&trk=public_jobs_jserp-result_search-card,01-09-2022_12:24:05
Business Analyst,INADEV,"Hayathnagar, Telangana, India",6 hours ago,https://in.linkedin.com/jobs/view/business-analyst-at-inadev-3247471301?refId=QJUNXRTN41MhrXKR7OKdwg%3D%3D&trackingId=stTWIYQ77OPPPN4Set%2Batg%3D%3D&position=8&pageNum=0&trk=public_jobs_jserp-result_search-card,01-09-2022_12:24:05
Business Analyst,MetricStream,"Hyderabad, Telangana, India",21 hours ago,https://in.linkedin.com/jobs/view/business-analyst-at-metricstream-3175677283?refId=QJUNXRTN41MhrXKR7OKdwg%3D%3D&trackingId=YoC1hNvRD8ZqGtj9%2BSEfEQ%3D%3D&position=9&pageNum=0&trk=public_jobs_jserp-result_search-card,01-09-2022_12:24:05
Business Analyst,Craft Silicon Asia,"Bengaluru, Karnataka, India",2 hours ago,https://in.linkedin.com/jobs/view/business-analyst-at-craft-silicon-asia-3227507646?refId=QJUNXRTN41MhrXKR7OKdwg%3D%3D&trackingId=6bT%2Bwuy%2Bg12GwwL%2BhLXz8A%3D%3D&position=10&pageNum=0&trk=public_jobs_jserp-result_search-card,01-09-2022_12:24:05
Business Analyst,MetricStream,"Noida, Uttar Pradesh, India",21 hours ago,https://in.linkedin.com/jobs/view/business-analyst-at-metricstream-3175674571?refId=QJUNXRTN41MhrXKR7OKdwg%3D%3D&trackingId=2K45wZjhj2GZP46KaqN6gw%3D%3D&position=11&pageNum=0&trk=public_jobs_jserp-result_search-card,01-09-2022_12:24:05
Business Analyst,MetricStream,"Mumbai, Maharashtra, India",21 hours ago,https://in.linkedin.com/jobs/view/business-analyst-at-metricstream-3175671861?refId=QJUNXRTN41MhrXKR7OKdwg%3D%3D&trackingId=LfyiuAEIdYUBfq0AI0g%2B6A%3D%3D&position=12&pageNum=0&trk=public_jobs_jserp-result_search-card,01-09-2022_12:24:05
Business Analyst,MetricStream,"Gurgaon, Haryana, India",21 hours ago,https://in.linkedin.com/jobs/view/business-analyst-at-metricstream-3175677288?refId=QJUNXRTN41MhrXKR7OKdwg%3D%3D&trackingId=3qppUiWT55V9wjRJqyhNSA%3D%3D&position=13&pageNum=0&trk=public_jobs_jserp-result_search-card,01-09-2022_12:24:05
Business Analyst,MetricStream,"New Delhi, Delhi, India",21 hours ago,https://in.linkedin.com/jobs/view/business-analyst-at-metricstream-3175676315?refId=QJUNXRTN41MhrXKR7OKdwg%3D%3D&trackingId=aqYJ%2BrWQkYU8UaFoefjgZg%3D%3D&position=14&pageNum=0&trk=public_jobs_jserp-result_search-card,01-09-2022_12:24:05
Business Analyst,MetricStream,"Chennai, Tamil Nadu, India",21 hours ago,https://in.linkedin.com/jobs/view/business-analyst-at-metricstream-3175676319?refId=QJUNXRTN41MhrXKR7OKdwg%3D%3D&trackingId=0rVIp8Gso49H6c27jf8cbg%3D%3D&position=15&pageNum=0&trk=public_jobs_jserp-result_search-card,01-09-2022_12:24:05
Business Analyst,Trading Technologies,"Pune, Maharashtra, India",18 hours ago,https://in.linkedin.com/jobs/view/business-analyst-at-trading-technologies-3241610606?refId=QJUNXRTN41MhrXKR7OKdwg%3D%3D&trackingId=nKWd60RJoEldEvSMpm5zeQ%3D%3D&position=16&pageNum=0&trk=public_jobs_jserp-result_search-card,01-09-2022_12:24:05
Business Analyst,MetricStream,"Kolkata, West Bengal, India",21 hours ago,https://in.linkedin.com/jobs/view/business-analyst-at-metricstream-3175677281?refId=QJUNXRTN41MhrXKR7OKdwg%3D%3D&trackingId=kJKR%2FkJPi%2FVfo4PdHzZ0BQ%3D%3D&position=17&pageNum=0&trk=public_jobs_jserp-result_search-card,01-09-2022_12:24:05
Business Analyst,Indeses Business Ventures Pvt.Ltd,"Jaipur, Rajasthan, India",53 minutes ago,https://in.linkedin.com/jobs/view/business-analyst-at-indeses-business-ventures-pvt-ltd-3246409710?refId=QJUNXRTN41MhrXKR7OKdwg%3D%3D&trackingId=S%2FcgyhXE4LNthGQR9EjXhA%3D%3D&position=18&pageNum=0&trk=public_jobs_jserp-result_search-card,01-09-2022_12:24:05
Business Analyst/Sr. Business Analyst,ARSCCOM,"Bengaluru, Karnataka, India",15 hours ago,https://in.linkedin.com/jobs/view/business-analyst-sr-business-analyst-at-arsccom-3245091875?refId=QJUNXRTN41MhrXKR7OKdwg%3D%3D&trackingId=luUmRIp428c8E%2FPGcu5S%2BA%3D%3D&position=19&pageNum=0&trk=public_jobs_jserp-result_search-card,01-09-2022_12:24:05
Business Analyst,Acuity Software Technologies,"Hyderabad, Telangana, India",2 hours ago,https://in.linkedin.com/jobs/view/business-analyst-at-acuity-software-technologies-3241990928?refId=QJUNXRTN41MhrXKR7OKdwg%3D%3D&trackingId=8nFjQcNSHJFw5A3D5cP6gg%3D%3D&position=20&pageNum=0&trk=public_jobs_jserp-result_search-card,01-09-2022_12:24:05
Business Analyst,Vymo,"Bengaluru, Karnataka, India",17 hours ago,https://in.linkedin.com/jobs/view/business-analyst-at-vymo-3241615766?refId=QJUNXRTN41MhrXKR7OKdwg%3D%3D&trackingId=Ye1YLj%2BDusAOGlIry5yMVQ%3D%3D&position=21&pageNum=0&trk=public_jobs_jserp-result_search-card,01-09-2022_12:24:05
ERP Business Analyst,FARFETCH,"Narsapur, Telangana, India",15 hours ago,https://in.linkedin.com/jobs/view/erp-business-analyst-at-farfetch-3245089565?refId=QJUNXRTN41MhrXKR7OKdwg%3D%3D&trackingId=3%2F65%2F6Ce%2FrhtieNezeJgLQ%3D%3D&position=22&pageNum=0&trk=public_jobs_jserp-result_search-card,01-09-2022_12:24:05
Business Analyst,Kore.ai,"Hyderabad, Telangana, India",17 hours ago,https://in.linkedin.com/jobs/view/business-analyst-at-kore-ai-3241617586?refId=QJUNXRTN41MhrXKR7OKdwg%3D%3D&trackingId=hwU0%2FnThtBZKrHtjWB3t5g%3D%3D&position=23&pageNum=0&trk=public_jobs_jserp-result_search-card,01-09-2022_12:24:05
Business Analyst I,Mouser Electronics,"Pune, Maharashtra, India",21 hours ago,https://in.linkedin.com/jobs/view/business-analyst-i-at-mouser-electronics-3139052851?refId=QJUNXRTN41MhrXKR7OKdwg%3D%3D&trackingId=%2FZWUfygSUNsnfQHPpoaRBg%3D%3D&position=24&pageNum=0&trk=public_jobs_jserp-result_search-card,01-09-2022_12:24:05
Business Analyst,Gmware,"Sahibzada Ajit Singh Nagar, Punjab, India",1 hour ago,https://in.linkedin.com/jobs/view/business-analyst-at-gmware-3246093135?refId=QJUNXRTN41MhrXKR7OKdwg%3D%3D&trackingId=kgFeouoF571kArkVdgcu1g%3D%3D&position=25&pageNum=0&trk=public_jobs_jserp-result_search-card,01-09-2022_12:24:05
