role,company,location,time,link,Domain,scraped
Data Analyst,Tata Consultancy Services,"Gurugram, Haryana, India",1 hour ago,https://in.linkedin.com/jobs/view/data-analyst-at-tata-consultancy-services-3311487370?refId=Pi01%2F3oYshBV2hfglQaXQQ%3D%3D&trackingId=UpYDJdnrRIGWSqbF0%2BP1kQ%3D%3D&position=1&pageNum=0&trk=public_jobs_jserp-result_search-card,DA,18-10-2022_10:48:24
Data Analyst,Interview Kickstart,"Bangalore Urban, Karnataka, India",1 hour ago,https://in.linkedin.com/jobs/view/data-analyst-at-interview-kickstart-3319870357?refId=Pi01%2F3oYshBV2hfglQaXQQ%3D%3D&trackingId=gvXovg8qU6s8U1yRHXmIbQ%3D%3D&position=2&pageNum=0&trk=public_jobs_jserp-result_search-card,DA,18-10-2022_10:48:24
Data Analyst,Flexi Analyst,India,12 minutes ago,https://in.linkedin.com/jobs/view/data-analyst-at-flexi-analyst-3311494049?refId=Pi01%2F3oYshBV2hfglQaXQQ%3D%3D&trackingId=aeRc%2FC%2B8Wr7oTD87MksyYA%3D%3D&position=3&pageNum=0&trk=public_jobs_jserp-result_search-card,DA,18-10-2022_10:48:24
Data Analyst,Zeno Health,"Mumbai, Maharashtra, India",23 hours ago,https://in.linkedin.com/jobs/view/data-analyst-at-zeno-health-3318782002?refId=Pi01%2F3oYshBV2hfglQaXQQ%3D%3D&trackingId=iR4U099a6pwzJPgCR2%2FTUw%3D%3D&position=4&pageNum=0&trk=public_jobs_jserp-result_search-card,DA,18-10-2022_10:48:24
Data Analyst,"Advaana, Inc.","Hyderabad, Telangana, India",5 hours ago,https://in.linkedin.com/jobs/view/data-analyst-at-advaana-inc-3319798023?refId=Pi01%2F3oYshBV2hfglQaXQQ%3D%3D&trackingId=GC8fcmlfYD0nnePUzUZg7A%3D%3D&position=5&pageNum=0&trk=public_jobs_jserp-result_search-card,DA,18-10-2022_10:48:24
"Analyst, Analytics & Metrics",Mastercard,"Pune, Maharashtra, India",11 hours ago,https://in.linkedin.com/jobs/view/analyst-analytics-metrics-at-mastercard-3316667183?refId=Pi01%2F3oYshBV2hfglQaXQQ%3D%3D&trackingId=DWz8tw4Rnw7vGRSTeXFsFQ%3D%3D&position=6&pageNum=0&trk=public_jobs_jserp-result_search-card,DA,18-10-2022_10:48:24
Assurance Data Analyst - Technology,BDO RISE Private Limited,"Bengaluru, Karnataka, India",18 hours ago,https://in.linkedin.com/jobs/view/assurance-data-analyst-technology-at-bdo-rise-private-limited-3316444140?refId=Pi01%2F3oYshBV2hfglQaXQQ%3D%3D&trackingId=xAGh3Jb%2F4owgcfLdaaeW4w%3D%3D&position=7&pageNum=0&trk=public_jobs_jserp-result_search-card,DA,18-10-2022_10:48:24
"Analyst, Analytics & Metric",Mastercard,"Pune, Maharashtra, India",5 hours ago,https://in.linkedin.com/jobs/view/analyst-analytics-metric-at-mastercard-3316873602?refId=Pi01%2F3oYshBV2hfglQaXQQ%3D%3D&trackingId=uopRjX7WrGjbUTPPAkTHqA%3D%3D&position=8&pageNum=0&trk=public_jobs_jserp-result_search-card,DA,18-10-2022_10:48:24
Data Analyst,Applicantz,"Bengaluru, Karnataka, India",17 hours ago,https://in.linkedin.com/jobs/view/data-analyst-at-applicantz-3319164169?refId=Pi01%2F3oYshBV2hfglQaXQQ%3D%3D&trackingId=dgU3h5HXkkZ5PoFbPdjbPA%3D%3D&position=9&pageNum=0&trk=public_jobs_jserp-result_search-card,DA,18-10-2022_10:48:24
Data Analyst,Haleon,"Hyderabad, Telangana, India",13 hours ago,https://in.linkedin.com/jobs/view/data-analyst-at-haleon-3319274132?refId=Pi01%2F3oYshBV2hfglQaXQQ%3D%3D&trackingId=ZPXJFyl3%2B%2FsNpvfMUpYooQ%3D%3D&position=10&pageNum=0&trk=public_jobs_jserp-result_search-card,DA,18-10-2022_10:48:24
Power BI Developer/ Data Analyst,Quest Global,"Bengaluru, Karnataka, India",14 hours ago,https://in.linkedin.com/jobs/view/power-bi-developer-data-analyst-at-quest-global-3311434343?refId=Pi01%2F3oYshBV2hfglQaXQQ%3D%3D&trackingId=ME2hik25r5JvQGKHPAzwpA%3D%3D&position=11&pageNum=0&trk=public_jobs_jserp-result_search-card,DA,18-10-2022_10:48:24
Associate Data Informatics Analyst,NTT Ltd.,"Bengaluru, Karnataka, India",18 hours ago,https://in.linkedin.com/jobs/view/associate-data-informatics-analyst-at-ntt-ltd-3318926514?refId=Pi01%2F3oYshBV2hfglQaXQQ%3D%3D&trackingId=BNaC2CMf8ulFEot7Pxj%2Ftg%3D%3D&position=12&pageNum=0&trk=public_jobs_jserp-result_search-card,DA,18-10-2022_10:48:24
Data Analyst,Lejhro Bootcamp,India,43 minutes ago,https://in.linkedin.com/jobs/view/data-analyst-at-lejhro-bootcamp-3311490476?refId=Pi01%2F3oYshBV2hfglQaXQQ%3D%3D&trackingId=uiKZbF66t71LMqtgddVEfg%3D%3D&position=13&pageNum=0&trk=public_jobs_jserp-result_search-card,DA,18-10-2022_10:48:24
Data & Analytics Analyst,NatWest Group,"Gurgaon, Haryana, India",11 hours ago,https://in.linkedin.com/jobs/view/data-analytics-analyst-at-natwest-group-3319304811?refId=Pi01%2F3oYshBV2hfglQaXQQ%3D%3D&trackingId=Y7JgS%2FeHPlAIDviJ3uzm%2BA%3D%3D&position=14&pageNum=0&trk=public_jobs_jserp-result_search-card,DA,18-10-2022_10:48:24
Data Engineer (AWS),Godrej & Boyce Mfg. Co. Ltd.,"Mumbai, Maharashtra, India",19 hours ago,https://in.linkedin.com/jobs/view/data-engineer-aws-at-godrej-boyce-mfg-co-ltd-3318875615?refId=Pi01%2F3oYshBV2hfglQaXQQ%3D%3D&trackingId=Qrwi3TwFah0SgU0ySMmKiQ%3D%3D&position=15&pageNum=0&trk=public_jobs_jserp-result_search-card,DA,18-10-2022_10:48:24
Junior BI Developer - 1 to 3 Years Experience,Harsco Corporation,"Hyderabad, Telangana, India",19 hours ago,https://in.linkedin.com/jobs/view/junior-bi-developer-1-to-3-years-experience-at-harsco-corporation-3184004603?refId=Pi01%2F3oYshBV2hfglQaXQQ%3D%3D&trackingId=igb4JgUBheVJyA02x6V5Xw%3D%3D&position=16&pageNum=0&trk=public_jobs_jserp-result_search-card,DA,18-10-2022_10:48:24
Business Analyst - Data Science-ANA004502,Genpact,"Bengaluru, Karnataka, India",19 hours ago,https://in.linkedin.com/jobs/view/business-analyst-data-science-ana004502-at-genpact-3079958211?refId=Pi01%2F3oYshBV2hfglQaXQQ%3D%3D&trackingId=Ojt%2BGoK549uTQ2eK2eayag%3D%3D&position=17&pageNum=0&trk=public_jobs_jserp-result_search-card,DA,18-10-2022_10:48:24
MSBI,UST,"Bengaluru, Karnataka, India",17 hours ago,https://in.linkedin.com/jobs/view/msbi-at-ust-3316450577?refId=Pi01%2F3oYshBV2hfglQaXQQ%3D%3D&trackingId=xURgl8XjeLo%2Fuj4pbj54qA%3D%3D&position=18&pageNum=0&trk=public_jobs_jserp-result_search-card,DA,18-10-2022_10:48:24
Data Engineers-Contract,Gravity Infosolutions,India,15 minutes ago,https://in.linkedin.com/jobs/view/data-engineers-contract-at-gravity-infosolutions-3298363106?refId=Pi01%2F3oYshBV2hfglQaXQQ%3D%3D&trackingId=R8sySPEldlHIFLDsoBwwsg%3D%3D&position=19&pageNum=0&trk=public_jobs_jserp-result_search-card,DA,18-10-2022_10:48:24
Business Intelligence Developer,IQVIA,"Bangalore Urban, Karnataka, India",20 hours ago,https://in.linkedin.com/jobs/view/business-intelligence-developer-at-iqvia-3318843686?refId=Pi01%2F3oYshBV2hfglQaXQQ%3D%3D&trackingId=%2FBayLcyyDWaH8ThZMezDxQ%3D%3D&position=21&pageNum=0&trk=public_jobs_jserp-result_search-card,DA,18-10-2022_10:48:24
Master Data Management,Genpact,"Bengaluru, Karnataka, India",11 hours ago,https://in.linkedin.com/jobs/view/master-data-management-at-genpact-3311438885?refId=Pi01%2F3oYshBV2hfglQaXQQ%3D%3D&trackingId=ffobuUNkc0OZq2FokeX9gg%3D%3D&position=22&pageNum=0&trk=public_jobs_jserp-result_search-card,DA,18-10-2022_10:48:24
Tableau Visualisation Specialist (Contract),Airtel Digital,"Gurugram, Haryana, India",50 minutes ago,https://in.linkedin.com/jobs/view/tableau-visualisation-specialist-contract-at-airtel-digital-3311485855?refId=Pi01%2F3oYshBV2hfglQaXQQ%3D%3D&trackingId=NTrJN%2BnDJnsQvtCTQvo36g%3D%3D&position=23&pageNum=0&trk=public_jobs_jserp-result_search-card,DA,18-10-2022_10:48:24
Global Data Analyst,LRQA,"Mumbai, Maharashtra, India",7 hours ago,https://in.linkedin.com/jobs/view/global-data-analyst-at-lrqa-3319716158?refId=Pi01%2F3oYshBV2hfglQaXQQ%3D%3D&trackingId=sAXwUeqajVyvqe7Njgdh%2BA%3D%3D&position=24&pageNum=0&trk=public_jobs_jserp-result_search-card,DA,18-10-2022_10:48:24
Google Analytics Specialist,DIGIVOLVE SOLUTIONS,"Mumbai, Maharashtra, India",8 hours ago,https://in.linkedin.com/jobs/view/google-analytics-specialist-at-digivolve-solutions-3319580579?refId=Pi01%2F3oYshBV2hfglQaXQQ%3D%3D&trackingId=9dSQBhY6q7%2FjVwNBv2g4xg%3D%3D&position=25&pageNum=0&trk=public_jobs_jserp-result_search-card,DA,18-10-2022_10:48:24
Data Engineer,RECBOTS,"Bengaluru, Karnataka, India",3 minutes ago,https://in.linkedin.com/jobs/view/data-engineer-at-recbots-3319886902?refId=hUOW6CkiVi%2F0UrvbPlUl%2Fw%3D%3D&trackingId=oC7XHeJrzrzbFXIgTQhIbw%3D%3D&position=4&pageNum=0&trk=public_jobs_jserp-result_search-card,DA,18-10-2022_10:48:24
Data Engineer,Contrista,India,4 minutes ago,https://in.linkedin.com/jobs/view/data-engineer-at-contrista-3311489867?refId=hUOW6CkiVi%2F0UrvbPlUl%2Fw%3D%3D&trackingId=3Dgp0OMpf7sVbFmLtfX5hg%3D%3D&position=5&pageNum=0&trk=public_jobs_jserp-result_search-card,DA,18-10-2022_10:48:24
Data Engineer,Jash Data Sciences,"Pune, Maharashtra, India",2 minutes ago,https://in.linkedin.com/jobs/view/data-engineer-at-jash-data-sciences-3311492269?refId=hUOW6CkiVi%2F0UrvbPlUl%2Fw%3D%3D&trackingId=%2FvoFpRgs3Rl%2FJjcM7WdCiQ%3D%3D&position=7&pageNum=0&trk=public_jobs_jserp-result_search-card,DA,18-10-2022_10:48:24
"Data Analyst, Marketing",Global Industrial Company,"Mumbai, Maharashtra, India",6 hours ago,https://in.linkedin.com/jobs/view/data-analyst-marketing-at-global-industrial-company-3319753071?refId=hUOW6CkiVi%2F0UrvbPlUl%2Fw%3D%3D&trackingId=k%2BLxX02So%2BYKpeXOMQzv%2Bw%3D%3D&position=10&pageNum=0&trk=public_jobs_jserp-result_search-card,DA,18-10-2022_10:48:24
Database Developer ( SQL),Mount Talent Consulting Pvt Ltd.,"Gurugram, Haryana, India",1 hour ago,https://in.linkedin.com/jobs/view/database-developer-sql-at-mount-talent-consulting-pvt-ltd-3311483729?refId=hUOW6CkiVi%2F0UrvbPlUl%2Fw%3D%3D&trackingId=w%2Bz2DEbgVLhzDpv4oqEJmg%3D%3D&position=11&pageNum=0&trk=public_jobs_jserp-result_search-card,DA,18-10-2022_10:48:24
Data Engineer,Catalyst IT,"Pune, Maharashtra, India",6 minutes ago,https://in.linkedin.com/jobs/view/data-engineer-at-catalyst-it-3311490751?refId=hUOW6CkiVi%2F0UrvbPlUl%2Fw%3D%3D&trackingId=7GybjMgOqJ%2BzVgKgsp86nw%3D%3D&position=12&pageNum=0&trk=public_jobs_jserp-result_search-card,DA,18-10-2022_10:48:24
Data Transformation Analyst,IHS Markit,"Hyderabad, Telangana, India",12 hours ago,https://in.linkedin.com/jobs/view/data-transformation-analyst-at-ihs-markit-3316648643?refId=hUOW6CkiVi%2F0UrvbPlUl%2Fw%3D%3D&trackingId=LGOu91Kd5hK6nVz02Ky9Dw%3D%3D&position=14&pageNum=0&trk=public_jobs_jserp-result_search-card,DA,18-10-2022_10:48:24
Data Engineer,SyManSys Technologies India Pvt Ltd,"Pune, Maharashtra, India",32 minutes ago,https://in.linkedin.com/jobs/view/data-engineer-at-symansys-technologies-india-pvt-ltd-3311486938?refId=hUOW6CkiVi%2F0UrvbPlUl%2Fw%3D%3D&trackingId=boRAl7L5f0VP785NM3p86Q%3D%3D&position=15&pageNum=0&trk=public_jobs_jserp-result_search-card,DA,18-10-2022_10:48:24
SQL Developer,Mount Talent Consulting Pvt Ltd.,"Gurugram, Haryana, India",52 minutes ago,https://in.linkedin.com/jobs/view/sql-developer-at-mount-talent-consulting-pvt-ltd-3311485837?refId=hUOW6CkiVi%2F0UrvbPlUl%2Fw%3D%3D&trackingId=VBvKAFy7gzb1zoNXLyXVUQ%3D%3D&position=16&pageNum=0&trk=public_jobs_jserp-result_search-card,DA,18-10-2022_10:48:24
Data Engineer,PNR Software Solutions,"Bengaluru, Karnataka, India",34 minutes ago,https://in.linkedin.com/jobs/view/data-engineer-at-pnr-software-solutions-3311486908?refId=hUOW6CkiVi%2F0UrvbPlUl%2Fw%3D%3D&trackingId=j%2B4qcewnK01%2Brc1moWeXHw%3D%3D&position=17&pageNum=0&trk=public_jobs_jserp-result_search-card,DA,18-10-2022_10:48:24
Data Engineer,Ashra Technologies Private Limited,"Chennai, Tamil Nadu, India",16 hours ago,https://in.linkedin.com/jobs/view/data-engineer-at-ashra-technologies-private-limited-3318876359?refId=hUOW6CkiVi%2F0UrvbPlUl%2Fw%3D%3D&trackingId=zEePo7Ap18rRsbq%2FDNPPdw%3D%3D&position=18&pageNum=0&trk=public_jobs_jserp-result_search-card,DA,18-10-2022_10:48:24
Analytics Consultant,Wells Fargo,"Hyderabad, Telangana, India",10 hours ago,https://in.linkedin.com/jobs/view/analytics-consultant-at-wells-fargo-3319378385?refId=hUOW6CkiVi%2F0UrvbPlUl%2Fw%3D%3D&trackingId=tmUp9O%2BzkauRvYVgqNWHZQ%3D%3D&position=19&pageNum=0&trk=public_jobs_jserp-result_search-card,DA,18-10-2022_10:48:24
SQL Developer,Sutherland,"Mumbai, Maharashtra, India",3 hours ago,https://in.linkedin.com/jobs/view/sql-developer-at-sutherland-3319810787?refId=hUOW6CkiVi%2F0UrvbPlUl%2Fw%3D%3D&trackingId=aJ5%2BJrgrr4YAd%2FRMx8FlMw%3D%3D&position=20&pageNum=0&trk=public_jobs_jserp-result_search-card,DA,18-10-2022_10:48:24
oracle pl/sql developer,PRIMUS Global Technologies Pvt Ltd,India,1 minute ago,https://in.linkedin.com/jobs/view/oracle-pl-sql-developer-at-primus-global-technologies-pvt-ltd-3319890253?refId=hUOW6CkiVi%2F0UrvbPlUl%2Fw%3D%3D&trackingId=Iamxkc8m1AI3Vn5QyLWfqw%3D%3D&position=21&pageNum=0&trk=public_jobs_jserp-result_search-card,DA,18-10-2022_10:48:24
SQL Developer,Sutherland,"Chennai, Tamil Nadu, India",3 hours ago,https://in.linkedin.com/jobs/view/sql-developer-at-sutherland-3319808993?refId=hUOW6CkiVi%2F0UrvbPlUl%2Fw%3D%3D&trackingId=jBICI5hRkOG5TLyKuttOaA%3D%3D&position=22&pageNum=0&trk=public_jobs_jserp-result_search-card,DA,18-10-2022_10:48:24
Data Management Analyst,Wells Fargo,"Hyderabad, Telangana, India",10 hours ago,https://in.linkedin.com/jobs/view/data-management-analyst-at-wells-fargo-3319383084?refId=hUOW6CkiVi%2F0UrvbPlUl%2Fw%3D%3D&trackingId=6%2FH8bIpwgew2Gx6ud5gD%2Bg%3D%3D&position=23&pageNum=0&trk=public_jobs_jserp-result_search-card,DA,18-10-2022_10:48:24
Data Analyst,Tata Consultancy Services,"Gurugram, Haryana, India",1 hour ago,https://in.linkedin.com/jobs/view/data-analyst-at-tata-consultancy-services-3311487370?refId=ol%2B0FRmIfNrYKHQxJgXQUw%3D%3D&trackingId=0wFtDRV2jhVdT3EwcoSI%2BQ%3D%3D&position=1&pageNum=0&trk=public_jobs_jserp-result_search-card,DS,18-10-2022_10:48:24
Data Science Internship in Multiple locations at Probyto AI,Probyto AIMS,"Delhi, Delhi, India",16 hours ago,https://in.linkedin.com/jobs/view/data-science-internship-in-multiple-locations-at-probyto-ai-at-probyto-aims-3319225667?refId=ol%2B0FRmIfNrYKHQxJgXQUw%3D%3D&trackingId=p7DKTGdGwspe0l%2F1Kiq3Kg%3D%3D&position=2&pageNum=0&trk=public_jobs_jserp-result_search-card,DS,18-10-2022_10:48:24
Tableau Visualisation Specialist (Contract),Airtel Digital,"Gurugram, Haryana, India",50 minutes ago,https://in.linkedin.com/jobs/view/tableau-visualisation-specialist-contract-at-airtel-digital-3311485855?refId=ol%2B0FRmIfNrYKHQxJgXQUw%3D%3D&trackingId=Juz8I1g2L%2F%2B2qKVwLcM8XQ%3D%3D&position=3&pageNum=0&trk=public_jobs_jserp-result_search-card,DS,18-10-2022_10:48:24
Product Analyst / Associate Product Manager,Narrato,"Bengaluru, Karnataka, India",1 minute ago,https://in.linkedin.com/jobs/view/product-analyst-associate-product-manager-at-narrato-3311492284?refId=ol%2B0FRmIfNrYKHQxJgXQUw%3D%3D&trackingId=LNjbLHdYEvufTpX%2BO8jrqw%3D%3D&position=4&pageNum=0&trk=public_jobs_jserp-result_search-card,DS,18-10-2022_10:48:24
Data Scientist,Entitled Solutions,Mumbai Metropolitan Region,1 hour ago,https://in.linkedin.com/jobs/view/data-scientist-at-entitled-solutions-3311488404?refId=ol%2B0FRmIfNrYKHQxJgXQUw%3D%3D&trackingId=EDuEs2%2BSDzXuyZwlTC8mIg%3D%3D&position=5&pageNum=0&trk=public_jobs_jserp-result_search-card,DS,18-10-2022_10:48:24
Mechanical Engineer,Ingersoll Rand,"Bangalore Urban, Karnataka, India",6 hours ago,https://in.linkedin.com/jobs/view/mechanical-engineer-at-ingersoll-rand-3316856508?refId=ol%2B0FRmIfNrYKHQxJgXQUw%3D%3D&trackingId=RMAoFSzdB636wqQN5sbQAg%3D%3D&position=6&pageNum=0&trk=public_jobs_jserp-result_search-card,DS,18-10-2022_10:48:24
ETL-SSIS Developer,CGI,"Bengaluru, Karnataka, India",13 hours ago,https://in.linkedin.com/jobs/view/etl-ssis-developer-at-cgi-3319267791?refId=ol%2B0FRmIfNrYKHQxJgXQUw%3D%3D&trackingId=735n8r9XT225s3rxFFDJ2A%3D%3D&position=7&pageNum=0&trk=public_jobs_jserp-result_search-card,DS,18-10-2022_10:48:24
Data Engineer,Jash Data Sciences,"Pune, Maharashtra, India",2 minutes ago,https://in.linkedin.com/jobs/view/data-engineer-at-jash-data-sciences-3311492269?refId=ol%2B0FRmIfNrYKHQxJgXQUw%3D%3D&trackingId=9KB3bvHY%2BFXHbTs%2BxpeJzA%3D%3D&position=8&pageNum=0&trk=public_jobs_jserp-result_search-card,DS,18-10-2022_10:48:24
Associate-Digital Prod Analytics,American Express,"Gurgaon, Haryana, India",20 hours ago,https://in.linkedin.com/jobs/view/associate-digital-prod-analytics-at-american-express-3316431114?refId=ol%2B0FRmIfNrYKHQxJgXQUw%3D%3D&trackingId=dOSwJgiqpOP%2BcfcmKj7uMg%3D%3D&position=9&pageNum=0&trk=public_jobs_jserp-result_search-card,DS,18-10-2022_10:48:24
Project Manager,Simplifai,"Pune, Maharashtra, India",33 minutes ago,https://in.linkedin.com/jobs/view/project-manager-at-simplifai-3311489652?refId=ol%2B0FRmIfNrYKHQxJgXQUw%3D%3D&trackingId=X5YEPr8iAbTgyp%2FActdgDA%3D%3D&position=10&pageNum=0&trk=public_jobs_jserp-result_search-card,DS,18-10-2022_10:48:24
Data Management Analyst,Wells Fargo,"Hyderabad, Telangana, India",10 hours ago,https://in.linkedin.com/jobs/view/data-management-analyst-at-wells-fargo-3319383084?refId=ol%2B0FRmIfNrYKHQxJgXQUw%3D%3D&trackingId=1wumhuTaUp6wH9qt62W7qg%3D%3D&position=11&pageNum=0&trk=public_jobs_jserp-result_search-card,DS,18-10-2022_10:48:24
Data Warehouse Engineer,OptimHire,India,1 hour ago,https://in.linkedin.com/jobs/view/data-warehouse-engineer-at-optimhire-3311484689?refId=ol%2B0FRmIfNrYKHQxJgXQUw%3D%3D&trackingId=gI%2BM7oPzEKaCDv9QJwePzQ%3D%3D&position=12&pageNum=0&trk=public_jobs_jserp-result_search-card,DS,18-10-2022_10:48:24
Analyst-Product Development,American Express,"Gurgaon, Haryana, India",20 hours ago,https://in.linkedin.com/jobs/view/analyst-product-development-at-american-express-3316424743?refId=ol%2B0FRmIfNrYKHQxJgXQUw%3D%3D&trackingId=MDHigY4jw5DJb%2FaxsRKV%2Fg%3D%3D&position=13&pageNum=0&trk=public_jobs_jserp-result_search-card,DS,18-10-2022_10:48:24
Data Scientist,Vision Data Analytics,"Bengaluru, Karnataka, India",13 minutes ago,https://in.linkedin.com/jobs/view/data-scientist-at-vision-data-analytics-3319883781?refId=ol%2B0FRmIfNrYKHQxJgXQUw%3D%3D&trackingId=ocZ2IRqVaMHMWU2Ontc3Rg%3D%3D&position=15&pageNum=0&trk=public_jobs_jserp-result_search-card,DS,18-10-2022_10:48:24
Data Scientist,Accolite Digital,"Chennai, Tamil Nadu, India",15 hours ago,https://in.linkedin.com/jobs/view/data-scientist-at-accolite-digital-3319245125?refId=ol%2B0FRmIfNrYKHQxJgXQUw%3D%3D&trackingId=47W9KVjOVEzTAJlkjsAoGw%3D%3D&position=16&pageNum=0&trk=public_jobs_jserp-result_search-card,DS,18-10-2022_10:48:24
Machine Learning Engineer - H1B Sponsorship,Thinklabs,"Hyderabad, Telangana, India",10 hours ago,https://in.linkedin.com/jobs/view/machine-learning-engineer-h1b-sponsorship-at-thinklabs-3316810089?refId=ol%2B0FRmIfNrYKHQxJgXQUw%3D%3D&trackingId=eQKSdYhN%2Fd6UpKsGE0wDRA%3D%3D&position=17&pageNum=0&trk=public_jobs_jserp-result_search-card,DS,18-10-2022_10:48:24
Data Scientist,Accolite Digital,"Hyderabad, Telangana, India",15 hours ago,https://in.linkedin.com/jobs/view/data-scientist-at-accolite-digital-3319238974?refId=ol%2B0FRmIfNrYKHQxJgXQUw%3D%3D&trackingId=2VlnZJw%2B2lZsF8JPoQKgRw%3D%3D&position=18&pageNum=0&trk=public_jobs_jserp-result_search-card,DS,18-10-2022_10:48:24
Data Scientist,KAS Services India Pvt Ltd,"Bengaluru, Karnataka, India",9 hours ago,https://in.linkedin.com/jobs/view/data-scientist-at-kas-services-india-pvt-ltd-3316827913?refId=ol%2B0FRmIfNrYKHQxJgXQUw%3D%3D&trackingId=9CFgSsTRsdjK8A4m64GMgQ%3D%3D&position=19&pageNum=0&trk=public_jobs_jserp-result_search-card,DS,18-10-2022_10:48:24
Machine Learning Intern,Cognozire,India,45 minutes ago,https://in.linkedin.com/jobs/view/machine-learning-intern-at-cognozire-3319879035?refId=ol%2B0FRmIfNrYKHQxJgXQUw%3D%3D&trackingId=BB1UkKib8DDvVfc7lNOyZA%3D%3D&position=21&pageNum=0&trk=public_jobs_jserp-result_search-card,DS,18-10-2022_10:48:24
Data Engineer,RECBOTS,"Bengaluru, Karnataka, India",3 minutes ago,https://in.linkedin.com/jobs/view/data-engineer-at-recbots-3319886902?refId=ol%2B0FRmIfNrYKHQxJgXQUw%3D%3D&trackingId=ue9cjTC4huKuBawxJF5pMg%3D%3D&position=22&pageNum=0&trk=public_jobs_jserp-result_search-card,DS,18-10-2022_10:48:24
Machine Learning Annotation Internship in Indore at Robro Systems Private Limited,Robro Systems,"Indore, Madhya Pradesh, India",16 hours ago,https://in.linkedin.com/jobs/view/machine-learning-annotation-internship-in-indore-at-robro-systems-private-limited-at-robro-systems-3319226564?refId=ol%2B0FRmIfNrYKHQxJgXQUw%3D%3D&trackingId=mAtchm92cKTfjpmDMwhH7Q%3D%3D&position=23&pageNum=0&trk=public_jobs_jserp-result_search-card,DS,18-10-2022_10:48:24
Global Data Analyst,LRQA,"Mumbai, Maharashtra, India",7 hours ago,https://in.linkedin.com/jobs/view/global-data-analyst-at-lrqa-3319716158?refId=ol%2B0FRmIfNrYKHQxJgXQUw%3D%3D&trackingId=QFE0z9P84GO5J9Eb%2BpGl4A%3D%3D&position=24&pageNum=0&trk=public_jobs_jserp-result_search-card,DS,18-10-2022_10:48:24
Data Engineer,SyManSys Technologies India Pvt Ltd,"Pune, Maharashtra, India",31 minutes ago,https://in.linkedin.com/jobs/view/data-engineer-at-symansys-technologies-india-pvt-ltd-3311486938?refId=ol%2B0FRmIfNrYKHQxJgXQUw%3D%3D&trackingId=hiG0yvsk2I1YJ8vuCN3LRw%3D%3D&position=25&pageNum=0&trk=public_jobs_jserp-result_search-card,DS,18-10-2022_10:48:24
Artificial Intelligence Intern,Graymatics,"Kolkata metropolitan area, West Bengal, India",2 hours ago,https://in.linkedin.com/jobs/view/artificial-intelligence-intern-at-graymatics-3317013904?refId=YlphIHXH4slaEZx8kNxzbQ%3D%3D&trackingId=JpBwm2nZK6e27zXKMnkysg%3D%3D&position=8&pageNum=0&trk=public_jobs_jserp-result_search-card,DS,18-10-2022_10:48:24
Machine Learning/ Artificial intelligence(AI/ML)- Consultant,PPN SOLUTIONS,"Bengaluru, Karnataka, India",9 minutes ago,https://in.linkedin.com/jobs/view/machine-learning-artificial-intelligence-ai-ml-consultant-at-ppn-solutions-3319883882?refId=YlphIHXH4slaEZx8kNxzbQ%3D%3D&trackingId=Ocyr7vmeI1F6MzefnekiWA%3D%3D&position=9&pageNum=0&trk=public_jobs_jserp-result_search-card,DS,18-10-2022_10:48:24
Deep Learning Engineer,Abacus.AI,India,41 minutes ago,https://in.linkedin.com/jobs/view/deep-learning-engineer-at-abacus-ai-3318825760?refId=YlphIHXH4slaEZx8kNxzbQ%3D%3D&trackingId=B7yhRcJQV2tZkow3tLw9aw%3D%3D&position=11&pageNum=0&trk=public_jobs_jserp-result_search-card,DS,18-10-2022_10:48:24
Machine Learning Specialist,Global Technologies,"Bengaluru, Karnataka, India",31 minutes ago,https://in.linkedin.com/jobs/view/machine-learning-specialist-at-global-technologies-3311489689?refId=YlphIHXH4slaEZx8kNxzbQ%3D%3D&trackingId=MZXwkueHYCYSG8KMxSVZuw%3D%3D&position=12&pageNum=0&trk=public_jobs_jserp-result_search-card,DS,18-10-2022_10:48:24
Machine Learning Engineer (GANs + Pytorch),TrueFan,"Gurugram, Haryana, India",27 minutes ago,https://in.linkedin.com/jobs/view/machine-learning-engineer-gans-%2B-pytorch-at-truefan-3311492080?refId=YlphIHXH4slaEZx8kNxzbQ%3D%3D&trackingId=EGRprD0v%2BRBwlZjWMDZU6g%3D%3D&position=16&pageNum=0&trk=public_jobs_jserp-result_search-card,DS,18-10-2022_10:48:24
Data Engineer,Contrista,India,4 minutes ago,https://in.linkedin.com/jobs/view/data-engineer-at-contrista-3311489867?refId=YlphIHXH4slaEZx8kNxzbQ%3D%3D&trackingId=tCZPICVc%2F34r3xQa0nE4VQ%3D%3D&position=19&pageNum=0&trk=public_jobs_jserp-result_search-card,DS,18-10-2022_10:48:24
Data Scientist - Expert,Chain IQ Group AG,"Mumbai, Maharashtra, India",7 hours ago,https://in.linkedin.com/jobs/view/data-scientist-expert-at-chain-iq-group-ag-3319599739?refId=YlphIHXH4slaEZx8kNxzbQ%3D%3D&trackingId=4Kh8XUZbztlo6jFpt60aLQ%3D%3D&position=21&pageNum=0&trk=public_jobs_jserp-result_search-card,DS,18-10-2022_10:48:24
Python Developer,Etech Global Services,"Gandhinagar, Gujarat, India",13 hours ago,https://in.linkedin.com/jobs/view/python-developer-at-etech-global-services-3319289419?refId=YlphIHXH4slaEZx8kNxzbQ%3D%3D&trackingId=S8O7B7I%2FVIz3JFbbJpeEpA%3D%3D&position=22&pageNum=0&trk=public_jobs_jserp-result_search-card,DS,18-10-2022_10:48:24
"Data Scientist - (BERT, NLP), Kubeflow (or) ML Ops",GFL Recruitment Private Limited,"Mumbai, Maharashtra, India",23 hours ago,https://in.linkedin.com/jobs/view/data-scientist-bert-nlp-kubeflow-or-ml-ops-at-gfl-recruitment-private-limited-3316069996?refId=YlphIHXH4slaEZx8kNxzbQ%3D%3D&trackingId=OEqL2%2FGABYvxmyNB5I6iFA%3D%3D&position=23&pageNum=0&trk=public_jobs_jserp-result_search-card,DS,18-10-2022_10:48:24
"Data Scientist - (BERT, NLP), Kubeflow (or) ML Ops",GFL Recruitment Private Limited,"Bengaluru, Karnataka, India",23 hours ago,https://in.linkedin.com/jobs/view/data-scientist-bert-nlp-kubeflow-or-ml-ops-at-gfl-recruitment-private-limited-3316071723?refId=YlphIHXH4slaEZx8kNxzbQ%3D%3D&trackingId=mVi5FviDzESqtOsMuKx84g%3D%3D&position=24&pageNum=0&trk=public_jobs_jserp-result_search-card,DS,18-10-2022_10:48:24
Analyst/ Senior Analyst,American Express,"Gurugram, Haryana, India",14 hours ago,https://in.linkedin.com/jobs/view/analyst-senior-analyst-at-american-express-3311432262?refId=9KJcuO2DCPN2EHZI%2F5Xx4A%3D%3D&trackingId=3W%2B0%2BP%2Bjnfku%2BgHXVhyw%2Fw%3D%3D&position=1&pageNum=0&trk=public_jobs_jserp-result_search-card,BA,18-10-2022_10:48:24
Consultant - Business Analyst,AstraZeneca,"Chennai, Tamil Nadu, India",13 hours ago,https://in.linkedin.com/jobs/view/consultant-business-analyst-at-astrazeneca-3316641674?refId=9KJcuO2DCPN2EHZI%2F5Xx4A%3D%3D&trackingId=DAaIdlV93WKra1yXxEyTiA%3D%3D&position=2&pageNum=0&trk=public_jobs_jserp-result_search-card,BA,18-10-2022_10:48:24
French Business Analyst,Evalueserve,"Gurugram, Haryana, India",38 minutes ago,https://in.linkedin.com/jobs/view/french-business-analyst-at-evalueserve-3319878590?refId=9KJcuO2DCPN2EHZI%2F5Xx4A%3D%3D&trackingId=ouAwEn0xZpsVkn%2Fsh146DQ%3D%3D&position=3&pageNum=0&trk=public_jobs_jserp-result_search-card,BA,18-10-2022_10:48:24
Digital Marketing Business Analyst,dentsu international,India,17 hours ago,https://in.linkedin.com/jobs/view/digital-marketing-business-analyst-at-dentsu-international-3316444907?refId=9KJcuO2DCPN2EHZI%2F5Xx4A%3D%3D&trackingId=F8U59n7ihDy2glXfbByPNw%3D%3D&position=4&pageNum=0&trk=public_jobs_jserp-result_search-card,BA,18-10-2022_10:48:24
Business Analyst - Data Science-ANA004502,Genpact,"Bengaluru, Karnataka, India",19 hours ago,https://in.linkedin.com/jobs/view/business-analyst-data-science-ana004502-at-genpact-3079958211?refId=9KJcuO2DCPN2EHZI%2F5Xx4A%3D%3D&trackingId=MQCjPu5HFK%2FTZFVPoz2F%2BA%3D%3D&position=5&pageNum=0&trk=public_jobs_jserp-result_search-card,BA,18-10-2022_10:48:24
Business Analyst,NatWest Markets Plc,"Gurgaon, Haryana, India",11 hours ago,https://in.linkedin.com/jobs/view/business-analyst-at-natwest-markets-plc-3319304799?refId=9KJcuO2DCPN2EHZI%2F5Xx4A%3D%3D&trackingId=RH9VTDrhCf2FGQCR%2FkScSA%3D%3D&position=6&pageNum=0&trk=public_jobs_jserp-result_search-card,BA,18-10-2022_10:48:24
Business Analyst - AML/KYC-BFS021737,Genpact,"Bengaluru, Karnataka, India",19 hours ago,https://in.linkedin.com/jobs/view/business-analyst-aml-kyc-bfs021737-at-genpact-3216234597?refId=9KJcuO2DCPN2EHZI%2F5Xx4A%3D%3D&trackingId=tB5AE6H%2F3eOOsgkFl7IxRg%3D%3D&position=7&pageNum=0&trk=public_jobs_jserp-result_search-card,BA,18-10-2022_10:48:24
Business Analyst (Operational Risk),Societe Generale Global Solution Centre,"Bengaluru, Karnataka, India",20 hours ago,https://in.linkedin.com/jobs/view/business-analyst-operational-risk-at-societe-generale-global-solution-centre-3077209578?refId=9KJcuO2DCPN2EHZI%2F5Xx4A%3D%3D&trackingId=4GB7jzTt8WStgbllDTtT%2Fg%3D%3D&position=8&pageNum=0&trk=public_jobs_jserp-result_search-card,BA,18-10-2022_10:48:24
Senior Analyst,Clarivate,India,15 hours ago,https://in.linkedin.com/jobs/view/senior-analyst-at-clarivate-3316607249?refId=9KJcuO2DCPN2EHZI%2F5Xx4A%3D%3D&trackingId=7zS4TdV3a9rofFS0q41jPQ%3D%3D&position=9&pageNum=0&trk=public_jobs_jserp-result_search-card,BA,18-10-2022_10:48:24
Business Analyst Intern,Shadowing AI,India,48 minutes ago,https://in.linkedin.com/jobs/view/business-analyst-intern-at-shadowing-ai-3311491039?refId=9KJcuO2DCPN2EHZI%2F5Xx4A%3D%3D&trackingId=z5mujqkzCfSGTGLS5WqvsA%3D%3D&position=10&pageNum=0&trk=public_jobs_jserp-result_search-card,BA,18-10-2022_10:48:24
DG - Business Analyst - Digital Project Coordinator-ANA005401,Genpact,"Hyderabad, Telangana, India",19 hours ago,https://in.linkedin.com/jobs/view/dg-business-analyst-digital-project-coordinator-ana005401-at-genpact-3216237225?refId=9KJcuO2DCPN2EHZI%2F5Xx4A%3D%3D&trackingId=sqbBA4K2cP9Fpd8B2rCfiw%3D%3D&position=11&pageNum=0&trk=public_jobs_jserp-result_search-card,BA,18-10-2022_10:48:24
Senior Analyst,JustAnswer,"Bengaluru, Karnataka, India",19 hours ago,https://in.linkedin.com/jobs/view/senior-analyst-at-justanswer-3311408221?refId=9KJcuO2DCPN2EHZI%2F5Xx4A%3D%3D&trackingId=zqj3wu7M5k4VMKgVwsgj1w%3D%3D&position=12&pageNum=0&trk=public_jobs_jserp-result_search-card,BA,18-10-2022_10:48:24
Business Analyst,NatWest Markets Plc,"Chennai, Tamil Nadu, India",11 hours ago,https://in.linkedin.com/jobs/view/business-analyst-at-natwest-markets-plc-3319309271?refId=9KJcuO2DCPN2EHZI%2F5Xx4A%3D%3D&trackingId=aNJc%2FUkNjkMSYAuNFJvclw%3D%3D&position=13&pageNum=0&trk=public_jobs_jserp-result_search-card,BA,18-10-2022_10:48:24
"Business Analyst Niche, AVP",NatWest Group,"Bengaluru, Karnataka, India",17 hours ago,https://in.linkedin.com/jobs/view/business-analyst-niche-avp-at-natwest-group-3319107208?refId=9KJcuO2DCPN2EHZI%2F5Xx4A%3D%3D&trackingId=1g1Imr0Q0XJ2yvMby2NFGQ%3D%3D&position=14&pageNum=0&trk=public_jobs_jserp-result_search-card,BA,18-10-2022_10:48:24
"Business Analyst Niche, AVP",NatWest Group,"Gurgaon, Haryana, India",17 hours ago,https://in.linkedin.com/jobs/view/business-analyst-niche-avp-at-natwest-group-3319111042?refId=9KJcuO2DCPN2EHZI%2F5Xx4A%3D%3D&trackingId=n%2B4J1g%2F%2FYusDMiPJlXmbvg%3D%3D&position=15&pageNum=0&trk=public_jobs_jserp-result_search-card,BA,18-10-2022_10:48:24
Appian,Tata Consultancy Services,India,22 hours ago,https://in.linkedin.com/jobs/view/appian-at-tata-consultancy-services-3316095195?refId=9KJcuO2DCPN2EHZI%2F5Xx4A%3D%3D&trackingId=i1kzy3cYfhLFxSyWkJqp0w%3D%3D&position=16&pageNum=0&trk=public_jobs_jserp-result_search-card,BA,18-10-2022_10:48:24
Customer Success Specialist II,Forrester,Greater Delhi Area,8 hours ago,https://in.linkedin.com/jobs/view/customer-success-specialist-ii-at-forrester-3319590364?refId=9KJcuO2DCPN2EHZI%2F5Xx4A%3D%3D&trackingId=HrkvKkZle5Ub7fhg0SExVg%3D%3D&position=17&pageNum=0&trk=public_jobs_jserp-result_search-card,BA,18-10-2022_10:48:24
"Senior Analyst, Project Management",Western Union,"Pune, Maharashtra, India",9 hours ago,https://in.linkedin.com/jobs/view/senior-analyst-project-management-at-western-union-3316810578?refId=9KJcuO2DCPN2EHZI%2F5Xx4A%3D%3D&trackingId=AsrSTEAPeuw%2BE%2B8y3V3VSA%3D%3D&position=18&pageNum=0&trk=public_jobs_jserp-result_search-card,BA,18-10-2022_10:48:24
DG - Business Analyst - Sourcing & Procurement Specialists-ANA005121,Genpact,"Bengaluru, Karnataka, India",19 hours ago,https://in.linkedin.com/jobs/view/dg-business-analyst-sourcing-procurement-specialists-ana005121-at-genpact-3183819994?refId=9KJcuO2DCPN2EHZI%2F5Xx4A%3D%3D&trackingId=VRcjtCZumD45M8fcaFNgag%3D%3D&position=19&pageNum=0&trk=public_jobs_jserp-result_search-card,BA,18-10-2022_10:48:24
Business Resiliency Analyst,Accenture in India,"Kolkata, West Bengal, India",1 hour ago,https://in.linkedin.com/jobs/view/business-resiliency-analyst-at-accenture-in-india-3319850567?refId=9KJcuO2DCPN2EHZI%2F5Xx4A%3D%3D&trackingId=aOfnlwr8LA3kJSQexttCiQ%3D%3D&position=20&pageNum=0&trk=public_jobs_jserp-result_search-card,BA,18-10-2022_10:48:24
Senior Analyst,Societe Generale Global Solution Centre,"Chennai, Tamil Nadu, India",20 hours ago,https://in.linkedin.com/jobs/view/senior-analyst-at-societe-generale-global-solution-centre-3080012795?refId=9KJcuO2DCPN2EHZI%2F5Xx4A%3D%3D&trackingId=7MbrinqGwW1v4MBojWPB0Q%3D%3D&position=21&pageNum=0&trk=public_jobs_jserp-result_search-card,BA,18-10-2022_10:48:24
Finance Project Team - International Regulatory - Business Analysis- Associate,JPMorgan Chase & Co.,"Mumbai, Maharashtra, India",22 minutes ago,https://in.linkedin.com/jobs/view/finance-project-team-international-regulatory-business-analysis-associate-at-jpmorgan-chase-co-3317050838?refId=9KJcuO2DCPN2EHZI%2F5Xx4A%3D%3D&trackingId=LjlEdfk9%2FZqT6DAoYYFNHQ%3D%3D&position=22&pageNum=0&trk=public_jobs_jserp-result_search-card,BA,18-10-2022_10:48:24
Senior Analyst (Impact),Social Lens,Mumbai Metropolitan Region,19 hours ago,https://in.linkedin.com/jobs/view/senior-analyst-impact-at-social-lens-3310816374?refId=9KJcuO2DCPN2EHZI%2F5Xx4A%3D%3D&trackingId=YLtJxq4U0dwkBBPlJF8DHw%3D%3D&position=23&pageNum=0&trk=public_jobs_jserp-result_search-card,BA,18-10-2022_10:48:24
BI Analyst - Orpheus,McKinsey & Company,"Gurgaon, Haryana, India",19 hours ago,https://in.linkedin.com/jobs/view/bi-analyst-orpheus-at-mckinsey-company-3316433047?refId=9KJcuO2DCPN2EHZI%2F5Xx4A%3D%3D&trackingId=fYqUvm5nozn4qKDi%2BMp5jA%3D%3D&position=24&pageNum=0&trk=public_jobs_jserp-result_search-card,BA,18-10-2022_10:48:24
Senior Consultant - Learning Analyst,AstraZeneca,"Chennai, Tamil Nadu, India",13 hours ago,https://in.linkedin.com/jobs/view/senior-consultant-learning-analyst-at-astrazeneca-3316639788?refId=9KJcuO2DCPN2EHZI%2F5Xx4A%3D%3D&trackingId=mrtpj2xMc3FsCDc7%2BIyolw%3D%3D&position=25&pageNum=0&trk=public_jobs_jserp-result_search-card,BA,18-10-2022_10:48:24
Frontend Developer,Terabits Technolab,"Surat, Gujarat, India",13 hours ago,https://in.linkedin.com/jobs/view/frontend-developer-at-terabits-technolab-3319288058?refId=mv8E%2BpjacXJDts0EX%2F2zjQ%3D%3D&trackingId=Jol1SXhJYwC4%2F3JjNJ5DYw%3D%3D&position=1&pageNum=0&trk=public_jobs_jserp-result_search-card,FSD,18-10-2022_10:48:24
Web Developer-Mumbai,2COMS Consulting Pvt. Ltd.,"Mumbai, Maharashtra, India",14 hours ago,https://in.linkedin.com/jobs/view/web-developer-mumbai-at-2coms-consulting-pvt-ltd-3319255909?refId=mv8E%2BpjacXJDts0EX%2F2zjQ%3D%3D&trackingId=%2BCIChWhUvmzr7IrNy8beGA%3D%3D&position=2&pageNum=0&trk=public_jobs_jserp-result_search-card,FSD,18-10-2022_10:48:24
Junior Software Engineer Trainee,Infoparks Kerala,"Kochi, Kerala, India",12 hours ago,https://in.linkedin.com/jobs/view/junior-software-engineer-trainee-at-infoparks-kerala-3316652688?refId=mv8E%2BpjacXJDts0EX%2F2zjQ%3D%3D&trackingId=L8GBjZVQj%2FM6LByr5HxMrw%3D%3D&position=3&pageNum=0&trk=public_jobs_jserp-result_search-card,FSD,18-10-2022_10:48:24
Vam Infosys - Frontend Developer - React.js/Redux,Vam Infosys Pvt. Ltd.,"Jaipur, Rajasthan, India",13 hours ago,https://in.linkedin.com/jobs/view/vam-infosys-frontend-developer-react-js-redux-at-vam-infosys-pvt-ltd-3316641051?refId=mv8E%2BpjacXJDts0EX%2F2zjQ%3D%3D&trackingId=u9jiNT11cG%2B88cwvKYuwYg%3D%3D&position=4&pageNum=0&trk=public_jobs_jserp-result_search-card,FSD,18-10-2022_10:48:24
Web Developer,VowelWeb,"Nagpur, Maharashtra, India",37 minutes ago,https://in.linkedin.com/jobs/view/web-developer-at-vowelweb-3319876775?refId=mv8E%2BpjacXJDts0EX%2F2zjQ%3D%3D&trackingId=KfLfdeSCac75Hvy%2BLovJwg%3D%3D&position=5&pageNum=0&trk=public_jobs_jserp-result_search-card,FSD,18-10-2022_10:48:24
Web Developer,SolveJet,"Ahmedabad, Gujarat, India",58 minutes ago,https://in.linkedin.com/jobs/view/web-developer-at-solvejet-3311483848?refId=mv8E%2BpjacXJDts0EX%2F2zjQ%3D%3D&trackingId=7Aj%2Fm9QOLCG9zpIJ164edQ%3D%3D&position=6&pageNum=0&trk=public_jobs_jserp-result_search-card,FSD,18-10-2022_10:48:24
UI/UX Designer,Infoparks Kerala,"Kochi, Kerala, India",12 hours ago,https://in.linkedin.com/jobs/view/ui-ux-designer-at-infoparks-kerala-3316666112?refId=mv8E%2BpjacXJDts0EX%2F2zjQ%3D%3D&trackingId=4fdLWYvz4WV5ODo2jpD85Q%3D%3D&position=7&pageNum=0&trk=public_jobs_jserp-result_search-card,FSD,18-10-2022_10:48:24
PHP Developer,ATX Learning | Healthcare,"Noida, Uttar Pradesh, India",10 hours ago,https://in.linkedin.com/jobs/view/php-developer-at-atx-learning-healthcare-3311460194?refId=mv8E%2BpjacXJDts0EX%2F2zjQ%3D%3D&trackingId=GJjb89jwGXr7dwDrWMdu7g%3D%3D&position=8&pageNum=0&trk=public_jobs_jserp-result_search-card,FSD,18-10-2022_10:48:24
Front end Developer,GFL Recruitment Private Limited,"Pune, Maharashtra, India",23 hours ago,https://in.linkedin.com/jobs/view/front-end-developer-at-gfl-recruitment-private-limited-3316075514?refId=mv8E%2BpjacXJDts0EX%2F2zjQ%3D%3D&trackingId=lSMmYtC5dN9bTexuhzSGcA%3D%3D&position=9&pageNum=0&trk=public_jobs_jserp-result_search-card,FSD,18-10-2022_10:48:24
Frontend Developer,Lolly.com,India,6 minutes ago,https://in.linkedin.com/jobs/view/frontend-developer-at-lolly-com-3311493223?refId=mv8E%2BpjacXJDts0EX%2F2zjQ%3D%3D&trackingId=vEg0qTLsSElqAzB57OG1GA%3D%3D&position=10&pageNum=0&trk=public_jobs_jserp-result_search-card,FSD,18-10-2022_10:48:24
Web Developer,Antlegs,"Thiruvananthapuram Taluk, Kerala, India",4 hours ago,https://in.linkedin.com/jobs/view/web-developer-at-antlegs-3316893175?refId=mv8E%2BpjacXJDts0EX%2F2zjQ%3D%3D&trackingId=0kmmGW9fn4CeLHkRCNJXHw%3D%3D&position=11&pageNum=0&trk=public_jobs_jserp-result_search-card,FSD,18-10-2022_10:48:24
Frontend Developer,Skyleaf Consultants LLP,"Delhi, India",1 hour ago,https://in.linkedin.com/jobs/view/frontend-developer-at-skyleaf-consultants-llp-3311485753?refId=mv8E%2BpjacXJDts0EX%2F2zjQ%3D%3D&trackingId=eD%2BK%2BnXIocNJV4mXxfuQOA%3D%3D&position=12&pageNum=0&trk=public_jobs_jserp-result_search-card,FSD,18-10-2022_10:48:24
Web Scraper,Purple Drive Technologies,"Odisha, India",8 hours ago,https://in.linkedin.com/jobs/view/web-scraper-at-purple-drive-technologies-3316847196?refId=mv8E%2BpjacXJDts0EX%2F2zjQ%3D%3D&trackingId=cD5MQf4QTeFswAspk1yXbg%3D%3D&position=13&pageNum=0&trk=public_jobs_jserp-result_search-card,FSD,18-10-2022_10:48:24
Front end Developer,GFL Recruitment Private Limited,"Gurgaon, Haryana, India",23 hours ago,https://in.linkedin.com/jobs/view/front-end-developer-at-gfl-recruitment-private-limited-3316072584?refId=mv8E%2BpjacXJDts0EX%2F2zjQ%3D%3D&trackingId=%2FDi3ay7b10fD3yoNh4E%2FTQ%3D%3D&position=14&pageNum=0&trk=public_jobs_jserp-result_search-card,FSD,18-10-2022_10:48:24
Front End Engineer,Accolite Digital,"Hyderabad, Telangana, India",15 hours ago,https://in.linkedin.com/jobs/view/front-end-engineer-at-accolite-digital-3319245127?refId=mv8E%2BpjacXJDts0EX%2F2zjQ%3D%3D&trackingId=hDM8D9YbBPc3NL7Kj7qt5Q%3D%3D&position=15&pageNum=0&trk=public_jobs_jserp-result_search-card,FSD,18-10-2022_10:48:24
Front End Engineer,Accolite Digital,"Bengaluru, Karnataka, India",15 hours ago,https://in.linkedin.com/jobs/view/front-end-engineer-at-accolite-digital-3319241241?refId=mv8E%2BpjacXJDts0EX%2F2zjQ%3D%3D&trackingId=1dOdt2crH%2Fl3CHCKVvVfng%3D%3D&position=16&pageNum=0&trk=public_jobs_jserp-result_search-card,FSD,18-10-2022_10:48:24
Frontend Developer,Deltron Technologies Pvt. Ltd.,"Hyderabad, Telangana, India",30 minutes ago,https://in.linkedin.com/jobs/view/frontend-developer-at-deltron-technologies-pvt-ltd-3311486930?refId=mv8E%2BpjacXJDts0EX%2F2zjQ%3D%3D&trackingId=Fv70q5vyBF1cDttfCEJwyQ%3D%3D&position=17&pageNum=0&trk=public_jobs_jserp-result_search-card,FSD,18-10-2022_10:48:24
UI/UX Developer - Immediate Hiring!!!!!,Infoparks Kerala,"Kochi, Kerala, India",12 hours ago,https://in.linkedin.com/jobs/view/ui-ux-developer-immediate-hiring%21%21%21%21%21-at-infoparks-kerala-3316650826?refId=mv8E%2BpjacXJDts0EX%2F2zjQ%3D%3D&trackingId=p8UD6kHgk%2BEvdE22fR3r7Q%3D%3D&position=18&pageNum=0&trk=public_jobs_jserp-result_search-card,FSD,18-10-2022_10:48:24
UI/UX Developer,Infoparks Kerala,"Kochi, Kerala, India",12 hours ago,https://in.linkedin.com/jobs/view/ui-ux-developer-at-infoparks-kerala-3316651723?refId=mv8E%2BpjacXJDts0EX%2F2zjQ%3D%3D&trackingId=rqnv26Gwj8b4nBjB1LdlIg%3D%3D&position=19&pageNum=0&trk=public_jobs_jserp-result_search-card,FSD,18-10-2022_10:48:24
PHP Developer,AGPAYTECH LTD.,"Kolkata, West Bengal, India",17 hours ago,https://in.linkedin.com/jobs/view/php-developer-at-agpaytech-ltd-3319189313?refId=mv8E%2BpjacXJDts0EX%2F2zjQ%3D%3D&trackingId=%2F3A8OKEA01ZdWrwvLmj9bw%3D%3D&position=20&pageNum=0&trk=public_jobs_jserp-result_search-card,FSD,18-10-2022_10:48:24
Frontend Developer,Lucidspire,India,39 minutes ago,https://in.linkedin.com/jobs/view/frontend-developer-at-lucidspire-3311491089?refId=mv8E%2BpjacXJDts0EX%2F2zjQ%3D%3D&trackingId=ZwdOC8Ti00DrV9Bym66Bpg%3D%3D&position=21&pageNum=0&trk=public_jobs_jserp-result_search-card,FSD,18-10-2022_10:48:24
Front end Developer,GFL Recruitment Private Limited,"Mumbai, Maharashtra, India",23 hours ago,https://in.linkedin.com/jobs/view/front-end-developer-at-gfl-recruitment-private-limited-3316068956?refId=mv8E%2BpjacXJDts0EX%2F2zjQ%3D%3D&trackingId=onvn0no099VIISpa1iYA1g%3D%3D&position=22&pageNum=0&trk=public_jobs_jserp-result_search-card,FSD,18-10-2022_10:48:24
Front end Developer,GFL Recruitment Private Limited,"Chennai, Tamil Nadu, India",23 hours ago,https://in.linkedin.com/jobs/view/front-end-developer-at-gfl-recruitment-private-limited-3316073569?refId=mv8E%2BpjacXJDts0EX%2F2zjQ%3D%3D&trackingId=ci%2Fd9dsufwMrDJRUHk33xQ%3D%3D&position=23&pageNum=0&trk=public_jobs_jserp-result_search-card,FSD,18-10-2022_10:48:24
Front end Developer,GFL Recruitment Private Limited,"New Delhi, Delhi, India",23 hours ago,https://in.linkedin.com/jobs/view/front-end-developer-at-gfl-recruitment-private-limited-3316074530?refId=mv8E%2BpjacXJDts0EX%2F2zjQ%3D%3D&trackingId=Z22f%2FVHHE9pcD4NWNLc%2BVw%3D%3D&position=24&pageNum=0&trk=public_jobs_jserp-result_search-card,FSD,18-10-2022_10:48:24
Web Developer,Ginger Technologies,"Thrissur, Kerala, India",16 minutes ago,https://in.linkedin.com/jobs/view/web-developer-at-ginger-technologies-3311492119?refId=mv8E%2BpjacXJDts0EX%2F2zjQ%3D%3D&trackingId=YPaONCf3bPuJf4Q5uTTEDw%3D%3D&position=25&pageNum=0&trk=public_jobs_jserp-result_search-card,FSD,18-10-2022_10:48:24
Frontend Developer,HCLTech â€“ Financial Services,"Gurugram, Haryana, India",1 hour ago,https://in.linkedin.com/jobs/view/frontend-developer-at-hcltech-%E2%80%93-financial-services-3311486624?refId=TiP%2BQP36VS3Y8q0RGtM1Hg%3D%3D&trackingId=bCZNEbYEbOp%2Fr4pV210P1w%3D%3D&position=5&pageNum=0&trk=public_jobs_jserp-result_search-card,FSD,18-10-2022_10:48:24
"Full Stack Engineer(Python/Node.js, React.js)",HERE Technologies,"Navi Mumbai, Maharashtra, India",5 minutes ago,https://in.linkedin.com/jobs/view/full-stack-engineer-python-node-js-react-js-at-here-technologies-3311490776?refId=TiP%2BQP36VS3Y8q0RGtM1Hg%3D%3D&trackingId=p5TGhuBA3%2FyLCVSPfNM0JQ%3D%3D&position=13&pageNum=0&trk=public_jobs_jserp-result_search-card,FSD,18-10-2022_10:48:24
Front end Developer,GFL Recruitment Private Limited,"Bengaluru, Karnataka, India",23 hours ago,https://in.linkedin.com/jobs/view/front-end-developer-at-gfl-recruitment-private-limited-3316071670?refId=TiP%2BQP36VS3Y8q0RGtM1Hg%3D%3D&trackingId=h35MKOhfYbsgjmM26qrtUg%3D%3D&position=17&pageNum=0&trk=public_jobs_jserp-result_search-card,FSD,18-10-2022_10:48:24
Full Stack Engineer Intern,Leanfolks,"Erode, Tamil Nadu, India",2 hours ago,https://in.linkedin.com/jobs/view/full-stack-engineer-intern-at-leanfolks-3317016577?refId=TiP%2BQP36VS3Y8q0RGtM1Hg%3D%3D&trackingId=o%2BYkMujEdRShW7kEWYuWWQ%3D%3D&position=18&pageNum=0&trk=public_jobs_jserp-result_search-card,FSD,18-10-2022_10:48:24
Front end Developer,GFL Recruitment Private Limited,"Ahmedabad, Gujarat, India",23 hours ago,https://in.linkedin.com/jobs/view/front-end-developer-at-gfl-recruitment-private-limited-3316070868?refId=TiP%2BQP36VS3Y8q0RGtM1Hg%3D%3D&trackingId=OV%2F803vtA5ubOjbKRtEz%2BA%3D%3D&position=22&pageNum=0&trk=public_jobs_jserp-result_search-card,FSD,18-10-2022_10:48:24
Java Developers,Infoparks Kerala,"Kochi, Kerala, India",12 hours ago,https://in.linkedin.com/jobs/view/java-developers-at-infoparks-kerala-3316665366?refId=TiP%2BQP36VS3Y8q0RGtM1Hg%3D%3D&trackingId=yjaAoDdVIaaAWfH51BJeNA%3D%3D&position=25&pageNum=0&trk=public_jobs_jserp-result_search-card,FSD,18-10-2022_10:48:24
Full Stack Web Developer,Entrata India,"Bengaluru, Karnataka, India",19 hours ago,https://in.linkedin.com/jobs/view/full-stack-web-developer-at-entrata-india-3083847969?refId=7864bBzDFBn46%2FiciZpD7g%3D%3D&trackingId=Syp5OWX3vQbAyeku2yjn5w%3D%3D&position=4&pageNum=0&trk=public_jobs_jserp-result_search-card,FSD,18-10-2022_10:48:24
Frontend Developer,InfoVision Inc.,"Chennai, Tamil Nadu, India",14 hours ago,https://in.linkedin.com/jobs/view/frontend-developer-at-infovision-inc-3316629964?refId=7864bBzDFBn46%2FiciZpD7g%3D%3D&trackingId=v%2BgdkWyig8dmrJbzpvRHlw%3D%3D&position=6&pageNum=0&trk=public_jobs_jserp-result_search-card,FSD,18-10-2022_10:48:24
Front End Developer,Numerator,"Vadodara, Gujarat, India",14 hours ago,https://in.linkedin.com/jobs/view/front-end-developer-at-numerator-3319169675?refId=7864bBzDFBn46%2FiciZpD7g%3D%3D&trackingId=iH3dpyvcHF44GD0787ozww%3D%3D&position=9&pageNum=0&trk=public_jobs_jserp-result_search-card,FSD,18-10-2022_10:48:24
Full Stack Engineer Intern,KaizIQ,India,20 hours ago,https://in.linkedin.com/jobs/view/full-stack-engineer-intern-at-kaiziq-3316082554?refId=7864bBzDFBn46%2FiciZpD7g%3D%3D&trackingId=IQxrxS1Oiy%2BLypMyKxz%2F9Q%3D%3D&position=11&pageNum=0&trk=public_jobs_jserp-result_search-card,FSD,18-10-2022_10:48:24
Web Development Intern,Business Web Solutions,India,14 hours ago,https://in.linkedin.com/jobs/view/web-development-intern-at-business-web-solutions-3318928490?refId=7864bBzDFBn46%2FiciZpD7g%3D%3D&trackingId=KP90g09m8jvT8DMpgQI0sA%3D%3D&position=13&pageNum=0&trk=public_jobs_jserp-result_search-card,FSD,18-10-2022_10:48:24
Web Development Intern,Skill secure IT solutions,India,23 hours ago,https://in.linkedin.com/jobs/view/web-development-intern-at-skill-secure-it-solutions-3310941859?refId=7864bBzDFBn46%2FiciZpD7g%3D%3D&trackingId=c20BTyV0rMlGuqTsG4XzNg%3D%3D&position=16&pageNum=0&trk=public_jobs_jserp-result_search-card,FSD,18-10-2022_10:48:24
Fullstack Developer [T500-2418],3M,"Bengaluru, Karnataka, India",14 hours ago,https://in.linkedin.com/jobs/view/fullstack-developer-t500-2418-at-3m-3319263098?refId=7864bBzDFBn46%2FiciZpD7g%3D%3D&trackingId=gMAVaffto3GgmMEG7WcQCQ%3D%3D&position=17&pageNum=0&trk=public_jobs_jserp-result_search-card,FSD,18-10-2022_10:48:24
Web Development Intern,Business Web Solutions,"Bengaluru, Karnataka, India",23 hours ago,https://in.linkedin.com/jobs/view/web-development-intern-at-business-web-solutions-3318736694?refId=7864bBzDFBn46%2FiciZpD7g%3D%3D&trackingId=zN5VTbDvs%2FRgKpymb1KO2Q%3D%3D&position=19&pageNum=0&trk=public_jobs_jserp-result_search-card,FSD,18-10-2022_10:48:24
Front End Engineer,ISS | Institutional Shareholder Services,"Mumbai, Maharashtra, India",19 hours ago,https://in.linkedin.com/jobs/view/front-end-engineer-at-iss-institutional-shareholder-services-3086774573?refId=7864bBzDFBn46%2FiciZpD7g%3D%3D&trackingId=UJqUlXjmHq9FgmUwmnPomQ%3D%3D&position=20&pageNum=0&trk=public_jobs_jserp-result_search-card,FSD,18-10-2022_10:48:24
Front End Engineer,Accolite Digital,"Chennai, Tamil Nadu, India",15 hours ago,https://in.linkedin.com/jobs/view/front-end-engineer-at-accolite-digital-3319240671?refId=7864bBzDFBn46%2FiciZpD7g%3D%3D&trackingId=45cBOzKouGUVHH6Fa8OeBw%3D%3D&position=23&pageNum=0&trk=public_jobs_jserp-result_search-card,FSD,18-10-2022_10:48:24
Web Development Intern,Business Web Solutions,"Chennai, Tamil Nadu, India",19 hours ago,https://in.linkedin.com/jobs/view/web-development-intern-at-business-web-solutions-3318873197?refId=7864bBzDFBn46%2FiciZpD7g%3D%3D&trackingId=Ic5QQ1L8fZAWCLyry4h3Gw%3D%3D&position=25&pageNum=0&trk=public_jobs_jserp-result_search-card,FSD,18-10-2022_10:48:24
Web Developer,Codegems Solutions Pvt. Ltd.,"New Delhi, Delhi, India",9 hours ago,https://in.linkedin.com/jobs/view/web-developer-at-codegems-solutions-pvt-ltd-3311463376?refId=ia0kJ1p7lFc9vIZtHry2IA%3D%3D&trackingId=%2BumuSDBz9%2BOhIJdgBRz2AA%3D%3D&position=5&pageNum=0&trk=public_jobs_jserp-result_search-card,FSD,18-10-2022_10:48:24
Web Developer,Digital Bonjour,"Chandigarh, India",19 hours ago,https://in.linkedin.com/jobs/view/web-developer-at-digital-bonjour-3310393472?refId=ia0kJ1p7lFc9vIZtHry2IA%3D%3D&trackingId=dU9XLvrTJKelfV%2FOIUuOyQ%3D%3D&position=9&pageNum=0&trk=public_jobs_jserp-result_search-card,FSD,18-10-2022_10:48:24
Full Stack Developer,CoinFantasy,"Chennai, Tamil Nadu, India",20 hours ago,https://in.linkedin.com/jobs/view/full-stack-developer-at-coinfantasy-3316411786?refId=ia0kJ1p7lFc9vIZtHry2IA%3D%3D&trackingId=siPj37tVlGhnFg7ns%2FdH%2FA%3D%3D&position=11&pageNum=0&trk=public_jobs_jserp-result_search-card,FSD,18-10-2022_10:48:24
Web Developer - 02,"Omni Logic Solutions, Inc - Microsoft Dynamics and Cloud Partner",India,11 hours ago,https://in.linkedin.com/jobs/view/web-developer-02-at-omni-logic-solutions-inc-microsoft-dynamics-and-cloud-partner-3316680870?refId=ia0kJ1p7lFc9vIZtHry2IA%3D%3D&trackingId=KOFHrrFFbpuWhyNkfUGalQ%3D%3D&position=23&pageNum=0&trk=public_jobs_jserp-result_search-card,FSD,18-10-2022_10:48:24
Full Stack Developer,Siemens Digital Industries Software,"Hyderabad, Telangana, India",21 hours ago,https://in.linkedin.com/jobs/view/full-stack-developer-at-siemens-digital-industries-software-3316407170?refId=BWQzxJ7Nsu%2FmkzL38%2B9sZg%3D%3D&trackingId=y6d%2B5gBbnTPQf0VB3XRiZw%3D%3D&position=25&pageNum=0&trk=public_jobs_jserp-result_search-card,FSD,18-10-2022_10:48:24
Frontend Developer,WeLoveNoCode,India,7 hours ago,https://in.linkedin.com/jobs/view/frontend-developer-at-welovenocode-3316848030?refId=XH9CUxqYCX6UBR529AwUrw%3D%3D&trackingId=vImbZHmPsThECS%2Btrrl%2Fiw%3D%3D&position=14&pageNum=0&trk=public_jobs_jserp-result_search-card,FSD,18-10-2022_10:48:24
Python Developer,Infoparks Kerala,"Kochi, Kerala, India",12 hours ago,https://in.linkedin.com/jobs/view/python-developer-at-infoparks-kerala-3316657062?refId=JnpFMMDg2TrodBLFfVszGw%3D%3D&trackingId=zvDuYR1k2dG44i2ICLKIEg%3D%3D&position=25&pageNum=0&trk=public_jobs_jserp-result_search-card,FSD,18-10-2022_10:48:24
PHP Developer,Crush IT Techno,"Indore, Madhya Pradesh, India",3 minutes ago,https://in.linkedin.com/jobs/view/php-developer-at-crush-it-techno-3311493257?refId=fPhOT%2F7vc4%2Bof1bUusL0jA%3D%3D&trackingId=BwzNPrJLJ7TNl0xvXf8RNw%3D%3D&position=24&pageNum=0&trk=public_jobs_jserp-result_search-card,FSD,18-10-2022_10:48:24
"Software Developer - Java ,HTML, Microservices springboot",CGI,"Bengaluru, Karnataka, India",13 hours ago,https://in.linkedin.com/jobs/view/software-developer-java-html-microservices-springboot-at-cgi-3319269788?refId=fPhOT%2F7vc4%2Bof1bUusL0jA%3D%3D&trackingId=AIyFIfM1JeQ4EXUP%2F3m7tw%3D%3D&position=25&pageNum=0&trk=public_jobs_jserp-result_search-card,FSD,18-10-2022_10:48:24
Full Stack Engineer,Ouranos Technologies Pvt Ltd,"Ahmedabad, Gujarat, India",Just now,https://in.linkedin.com/jobs/view/full-stack-engineer-at-ouranos-technologies-pvt-ltd-3311492299?refId=oVTjjQnl1U7xceB%2Ff3aifw%3D%3D&trackingId=MdHrvaQvm%2B4UANLpRDAoCQ%3D%3D&position=18&pageNum=0&trk=public_jobs_jserp-result_search-card,FSD,18-10-2022_10:48:24
Product Analyst / Associate Product Manager,Narrato,"Bengaluru, Karnataka, India",1 minute ago,https://in.linkedin.com/jobs/view/product-analyst-associate-product-manager-at-narrato-3311492284?refId=7JuLBTkpqo%2BkCDrzi7QJ5A%3D%3D&trackingId=m1hU7py%2F5KvOKemZ%2FAEDIw%3D%3D&position=1&pageNum=0&trk=public_jobs_jserp-result_search-card,PM,18-10-2022_10:48:24
Product Manager,Remote Talent,India,23 minutes ago,https://in.linkedin.com/jobs/view/product-manager-at-remote-talent-3311489735?refId=7JuLBTkpqo%2BkCDrzi7QJ5A%3D%3D&trackingId=NzNvY3WcF0nxDOzfXlRY%2BA%3D%3D&position=2&pageNum=0&trk=public_jobs_jserp-result_search-card,PM,18-10-2022_10:48:24
Assistant Product Manager_Concur,EY,"Bengaluru, Karnataka, India",21 hours ago,https://in.linkedin.com/jobs/view/assistant-product-manager-concur-at-ey-3318817259?refId=7JuLBTkpqo%2BkCDrzi7QJ5A%3D%3D&trackingId=VC0jsVXFkGDGsKnejoRkpA%3D%3D&position=3&pageNum=0&trk=public_jobs_jserp-result_search-card,PM,18-10-2022_10:48:24
Retail Salesperson,India Circus ( A Godrej Venture ),"Bengaluru, Karnataka, India",16 hours ago,https://in.linkedin.com/jobs/view/retail-salesperson-at-india-circus-a-godrej-venture-3295673239?refId=7JuLBTkpqo%2BkCDrzi7QJ5A%3D%3D&trackingId=IXHEqBs1a7vk6k3wWD%2BOZQ%3D%3D&position=4&pageNum=0&trk=public_jobs_jserp-result_search-card,PM,18-10-2022_10:48:24
Interface Specialist,Dharamvir Ayurveda Pvt. ltd.,"Mohali district, Punjab, India",18 hours ago,https://in.linkedin.com/jobs/view/interface-specialist-at-dharamvir-ayurveda-pvt-ltd-3311409732?refId=7JuLBTkpqo%2BkCDrzi7QJ5A%3D%3D&trackingId=lUKxhRHMhT91Aut%2B1XUiCg%3D%3D&position=5&pageNum=0&trk=public_jobs_jserp-result_search-card,PM,18-10-2022_10:48:24
Technology Solutions Professional,ExxonMobil,"Bengaluru, Karnataka, India",8 hours ago,https://in.linkedin.com/jobs/view/technology-solutions-professional-at-exxonmobil-3311465654?refId=7JuLBTkpqo%2BkCDrzi7QJ5A%3D%3D&trackingId=GLVyVAIzLJnNJiExuD%2Fdsg%3D%3D&position=6&pageNum=0&trk=public_jobs_jserp-result_search-card,PM,18-10-2022_10:48:24
Implementation Specialist,Team Management Services (TMS),"Mumbai, Maharashtra, India",34 minutes ago,https://in.linkedin.com/jobs/view/implementation-specialist-at-team-management-services-tms-3311492026?refId=7JuLBTkpqo%2BkCDrzi7QJ5A%3D%3D&trackingId=Ql4pidPwKRhpV8pBj%2B9EQg%3D%3D&position=7&pageNum=0&trk=public_jobs_jserp-result_search-card,PM,18-10-2022_10:48:24
Senior Manager - Planisware,AstraZeneca,"Chennai, Tamil Nadu, India",18 hours ago,https://in.linkedin.com/jobs/view/senior-manager-planisware-at-astrazeneca-3316433815?refId=7JuLBTkpqo%2BkCDrzi7QJ5A%3D%3D&trackingId=RUvpxy3G6GU83%2FZxOJJ%2FXA%3D%3D&position=8&pageNum=0&trk=public_jobs_jserp-result_search-card,PM,18-10-2022_10:48:24
Product Marketing Coordinator,Info Origin Inc.,"Bengaluru, Karnataka, India",22 hours ago,https://in.linkedin.com/jobs/view/product-marketing-coordinator-at-info-origin-inc-3310992559?refId=7JuLBTkpqo%2BkCDrzi7QJ5A%3D%3D&trackingId=N84zAPGBSsLRldxNIPDJtg%3D%3D&position=9&pageNum=0&trk=public_jobs_jserp-result_search-card,PM,18-10-2022_10:48:24
Engineer - Product Technical Support,Siemens,"Noida, Uttar Pradesh, India",12 hours ago,https://in.linkedin.com/jobs/view/engineer-product-technical-support-at-siemens-3319300474?refId=7JuLBTkpqo%2BkCDrzi7QJ5A%3D%3D&trackingId=A3tJEbe%2BfwV0jPnHcxL8IA%3D%3D&position=10&pageNum=0&trk=public_jobs_jserp-result_search-card,PM,18-10-2022_10:48:24
Blockchain Developer,Neo Aid,India,22 minutes ago,https://in.linkedin.com/jobs/view/blockchain-developer-at-neo-aid-3311489743?refId=7JuLBTkpqo%2BkCDrzi7QJ5A%3D%3D&trackingId=um9slG%2FE1V887ylufg8CkQ%3D%3D&position=11&pageNum=0&trk=public_jobs_jserp-result_search-card,PM,18-10-2022_10:48:24
"Sourcing Lead - Experience in ERP System, International exp Casting, bar material component",Halliburton,"Pune, Maharashtra, India",2 hours ago,https://in.linkedin.com/jobs/view/sourcing-lead-experience-in-erp-system-international-exp-casting-bar-material-component-at-halliburton-3319842799?refId=7JuLBTkpqo%2BkCDrzi7QJ5A%3D%3D&trackingId=h0YoW8BHoOLnjS46Al%2Fj3A%3D%3D&position=13&pageNum=0&trk=public_jobs_jserp-result_search-card,PM,18-10-2022_10:48:24
Sales Officer - (Delhi),ASSA ABLOY Group,"Mumbai, Maharashtra, India",7 hours ago,https://in.linkedin.com/jobs/view/sales-officer-delhi-at-assa-abloy-group-3316846115?refId=7JuLBTkpqo%2BkCDrzi7QJ5A%3D%3D&trackingId=YRCdCE%2Bb%2Fq8CsD0hTCTqkg%3D%3D&position=14&pageNum=0&trk=public_jobs_jserp-result_search-card,PM,18-10-2022_10:48:24
Document Checker â€“ Assistant Manager/ Senior Associate / Associate / Associate Level 1,BNP Paribas,"Mumbai, Maharashtra, India",7 hours ago,https://in.linkedin.com/jobs/view/document-checker-%E2%80%93-assistant-manager-senior-associate-associate-associate-level-1-at-bnp-paribas-3319726049?refId=7JuLBTkpqo%2BkCDrzi7QJ5A%3D%3D&trackingId=rtsgmx1IGicC%2FwTeskwCUw%3D%3D&position=15&pageNum=0&trk=public_jobs_jserp-result_search-card,PM,18-10-2022_10:48:24
Sales Specialist,ALLPOS,"Chennai, Tamil Nadu, India",51 minutes ago,https://in.linkedin.com/jobs/view/sales-specialist-at-allpos-3311490422?refId=7JuLBTkpqo%2BkCDrzi7QJ5A%3D%3D&trackingId=I8B53ueJ3eyWIiPdKsl%2Fgg%3D%3D&position=16&pageNum=0&trk=public_jobs_jserp-result_search-card,PM,18-10-2022_10:48:24
Sales Officer - (Vijayawada),ASSA ABLOY Group,"Hyderabad, Telangana, India",7 hours ago,https://in.linkedin.com/jobs/view/sales-officer-vijayawada-at-assa-abloy-group-3316840873?refId=7JuLBTkpqo%2BkCDrzi7QJ5A%3D%3D&trackingId=Oys4sqHePFpJ3uRYryvJig%3D%3D&position=17&pageNum=0&trk=public_jobs_jserp-result_search-card,PM,18-10-2022_10:48:24
Spend Analyst,Zycus,"Mumbai, Maharashtra, India",15 hours ago,https://in.linkedin.com/jobs/view/spend-analyst-at-zycus-3316605624?refId=7JuLBTkpqo%2BkCDrzi7QJ5A%3D%3D&trackingId=KQOmsacLi7RrqoWiVt52Ww%3D%3D&position=18&pageNum=0&trk=public_jobs_jserp-result_search-card,PM,18-10-2022_10:48:24
Java Software Engineer,SCREATIVES SOFTWARE SERVICES PVT. LTD,"Hyderabad, Telangana, India",1 hour ago,https://in.linkedin.com/jobs/view/java-software-engineer-at-screatives-software-services-pvt-ltd-3319875129?refId=7JuLBTkpqo%2BkCDrzi7QJ5A%3D%3D&trackingId=421Z1ZvCRSdoaPRI2LwfoA%3D%3D&position=19&pageNum=0&trk=public_jobs_jserp-result_search-card,PM,18-10-2022_10:48:24
Software Development Engineer,Trellix,"Bengaluru, Karnataka, India",9 hours ago,https://in.linkedin.com/jobs/view/software-development-engineer-at-trellix-3316816473?refId=7JuLBTkpqo%2BkCDrzi7QJ5A%3D%3D&trackingId=WWayF0yuQ1F2xt5OdDeUEA%3D%3D&position=20&pageNum=0&trk=public_jobs_jserp-result_search-card,PM,18-10-2022_10:48:24
Business Development Representative,ConsultEvo,"Bengaluru, Karnataka, India",13 hours ago,https://in.linkedin.com/jobs/view/business-development-representative-at-consultevo-3319278673?refId=7JuLBTkpqo%2BkCDrzi7QJ5A%3D%3D&trackingId=GX6BN6BOQWky9YBA5lS6HA%3D%3D&position=21&pageNum=0&trk=public_jobs_jserp-result_search-card,PM,18-10-2022_10:48:24
iOS Developer,TechMero,"Vadodara, Gujarat, India",1 day ago,https://in.linkedin.com/jobs/view/ios-developer-at-techmero-3316060294?refId=7JuLBTkpqo%2BkCDrzi7QJ5A%3D%3D&trackingId=lEf2R1gw%2F7Ic6CXaVeLOHw%3D%3D&position=22&pageNum=0&trk=public_jobs_jserp-result_search-card,PM,18-10-2022_10:48:24
Business Development Representative,GoProtoz - UI UX Design Studio,"Bengaluru, Karnataka, India",13 hours ago,https://in.linkedin.com/jobs/view/business-development-representative-at-goprotoz-ui-ux-design-studio-3319273840?refId=7JuLBTkpqo%2BkCDrzi7QJ5A%3D%3D&trackingId=sWERrP7Ub6tT123p9WEvkA%3D%3D&position=24&pageNum=0&trk=public_jobs_jserp-result_search-card,PM,18-10-2022_10:48:24
QA Engineer,Leegality,"Haryana, India",14 hours ago,https://in.linkedin.com/jobs/view/qa-engineer-at-leegality-3319262004?refId=7JuLBTkpqo%2BkCDrzi7QJ5A%3D%3D&trackingId=8%2BODwrXwKhOkhOZYXjD4aA%3D%3D&position=25&pageNum=0&trk=public_jobs_jserp-result_search-card,PM,18-10-2022_10:48:24
Product Manager - Growth - IIT / NIT / BITS / IIM / ISB / MDI / FMS,Narrato,India,Just now,https://in.linkedin.com/jobs/view/product-manager-growth-iit-nit-bits-iim-isb-mdi-fms-at-narrato-3311492289?refId=iPy%2Flxs5dTtOm8xjSNbJBQ%3D%3D&trackingId=uWjUcZ3IP3Blj58V3azsbA%3D%3D&position=2&pageNum=0&trk=public_jobs_jserp-result_search-card,PM,18-10-2022_10:48:24
Senior Manager - Product Management,vivo India,"Gurugram, Haryana, India",17 hours ago,https://in.linkedin.com/jobs/view/senior-manager-product-management-at-vivo-india-3311413219?refId=iPy%2Flxs5dTtOm8xjSNbJBQ%3D%3D&trackingId=l2FHoUURwLaZ%2BOoCtLV4qg%3D%3D&position=3&pageNum=0&trk=public_jobs_jserp-result_search-card,PM,18-10-2022_10:48:24
Product Manager,KodNest,"Bengaluru, Karnataka, India",11 hours ago,https://in.linkedin.com/jobs/view/product-manager-at-kodnest-3316691011?refId=iPy%2Flxs5dTtOm8xjSNbJBQ%3D%3D&trackingId=WUqOSYI3HT%2BCLZNNVcdNdw%3D%3D&position=4&pageNum=0&trk=public_jobs_jserp-result_search-card,PM,18-10-2022_10:48:24
Product Manager,Molex,"Bengaluru, Karnataka, India",11 hours ago,https://in.linkedin.com/jobs/view/product-manager-at-molex-3319305337?refId=iPy%2Flxs5dTtOm8xjSNbJBQ%3D%3D&trackingId=ptqcjkXDFlVKWHNJAP9%2BYg%3D%3D&position=6&pageNum=0&trk=public_jobs_jserp-result_search-card,PM,18-10-2022_10:48:24
Product Manager,Workruit,"Hyderabad, Telangana, India",21 hours ago,https://in.linkedin.com/jobs/view/product-manager-at-workruit-3303488728?refId=iPy%2Flxs5dTtOm8xjSNbJBQ%3D%3D&trackingId=%2BhPSHoxosKKIvvtCuVx%2BZg%3D%3D&position=7&pageNum=0&trk=public_jobs_jserp-result_search-card,PM,18-10-2022_10:48:24
Product Manager,Taskmo,"Bengaluru, Karnataka, India",16 hours ago,https://in.linkedin.com/jobs/view/product-manager-at-taskmo-3316479428?refId=iPy%2Flxs5dTtOm8xjSNbJBQ%3D%3D&trackingId=KgidnY94TZiqQoxNLgS39w%3D%3D&position=8&pageNum=0&trk=public_jobs_jserp-result_search-card,PM,18-10-2022_10:48:24
Product Manager,Clari,"Bengaluru, Karnataka, India",21 hours ago,https://in.linkedin.com/jobs/view/product-manager-at-clari-3310992855?refId=iPy%2Flxs5dTtOm8xjSNbJBQ%3D%3D&trackingId=R3oYNoUe7m4lz1U15i4nPw%3D%3D&position=9&pageNum=0&trk=public_jobs_jserp-result_search-card,PM,18-10-2022_10:48:24
Product Manager - Continuous Data : Remote,Delphix,India,19 hours ago,https://in.linkedin.com/jobs/view/product-manager-continuous-data-remote-at-delphix-3288836207?refId=iPy%2Flxs5dTtOm8xjSNbJBQ%3D%3D&trackingId=a8D4Qn9hVF8PAa%2FUTltHVA%3D%3D&position=10&pageNum=0&trk=public_jobs_jserp-result_search-card,PM,18-10-2022_10:48:24
Product Manager II,Convoso,"Vadodara, Gujarat, India",18 hours ago,https://in.linkedin.com/jobs/view/product-manager-ii-at-convoso-3316437439?refId=iPy%2Flxs5dTtOm8xjSNbJBQ%3D%3D&trackingId=xZNekjb5BFS4bD7o6wbwgQ%3D%3D&position=11&pageNum=0&trk=public_jobs_jserp-result_search-card,PM,18-10-2022_10:48:24
Junior Product Manager,CloudWalker Streaming Technologies Pvt. Ltd.,"Mumbai, Maharashtra, India",17 hours ago,https://in.linkedin.com/jobs/view/junior-product-manager-at-cloudwalker-streaming-technologies-pvt-ltd-3316468030?refId=iPy%2Flxs5dTtOm8xjSNbJBQ%3D%3D&trackingId=4Q2VOGBZZ6EbWmCWSovwBQ%3D%3D&position=12&pageNum=0&trk=public_jobs_jserp-result_search-card,PM,18-10-2022_10:48:24
Product Owner - EV Charging portfolio,Siemens,"Bengaluru, Karnataka, India",12 hours ago,https://in.linkedin.com/jobs/view/product-owner-ev-charging-portfolio-at-siemens-3319301541?refId=iPy%2Flxs5dTtOm8xjSNbJBQ%3D%3D&trackingId=TgVGF3bpIgb8e7VuUKWoJw%3D%3D&position=14&pageNum=0&trk=public_jobs_jserp-result_search-card,PM,18-10-2022_10:48:24
ESG Product Manager - Regulatory Solutions (APAC),ISS ESG,"Mumbai, Maharashtra, India",19 hours ago,https://in.linkedin.com/jobs/view/esg-product-manager-regulatory-solutions-apac-at-iss-esg-3220548881?refId=iPy%2Flxs5dTtOm8xjSNbJBQ%3D%3D&trackingId=qSWuiB5UnMxWKNsppUmK2g%3D%3D&position=15&pageNum=0&trk=public_jobs_jserp-result_search-card,PM,18-10-2022_10:48:24
Shopper Marketing Manager- North 1,Tata Consumer Products,"Delhi, India",22 hours ago,https://in.linkedin.com/jobs/view/shopper-marketing-manager-north-1-at-tata-consumer-products-3316084482?refId=iPy%2Flxs5dTtOm8xjSNbJBQ%3D%3D&trackingId=VbGhL2ToeK6LyZnx%2FWt0%2Bg%3D%3D&position=17&pageNum=0&trk=public_jobs_jserp-result_search-card,PM,18-10-2022_10:48:24
Sales Associate,TopHire.co,"Mumbai, Maharashtra, India",22 hours ago,https://in.linkedin.com/jobs/view/sales-associate-at-tophire-co-3318796548?refId=iPy%2Flxs5dTtOm8xjSNbJBQ%3D%3D&trackingId=W3%2Fxew7XffdkQ2AGpvjVFw%3D%3D&position=19&pageNum=0&trk=public_jobs_jserp-result_search-card,PM,18-10-2022_10:48:24
"Business Operations Associate (0-1 years experience, Bangalore)",CUR8,Greater Bengaluru Area,15 hours ago,https://in.linkedin.com/jobs/view/business-operations-associate-0-1-years-experience-bangalore-at-cur8-3311426451?refId=iPy%2Flxs5dTtOm8xjSNbJBQ%3D%3D&trackingId=LwZqLwAdPJSyZ8e146FSDw%3D%3D&position=23&pageNum=0&trk=public_jobs_jserp-result_search-card,PM,18-10-2022_10:48:24
"Engineer, Mechanical Design",Molex,"Bengaluru, Karnataka, India",11 hours ago,https://in.linkedin.com/jobs/view/engineer-mechanical-design-at-molex-3319308212?refId=iPy%2Flxs5dTtOm8xjSNbJBQ%3D%3D&trackingId=2jb6guu8APG%2B9I3afcOfDA%3D%3D&position=24&pageNum=0&trk=public_jobs_jserp-result_search-card,PM,18-10-2022_10:48:24
"Analyst, Model Success",RMS,"Noida, Uttar Pradesh, India",19 hours ago,https://in.linkedin.com/jobs/view/analyst-model-success-at-rms-3318922804?refId=iPy%2Flxs5dTtOm8xjSNbJBQ%3D%3D&trackingId=RQ5LpnsDLDvJ24SJz1vzDw%3D%3D&position=25&pageNum=0&trk=public_jobs_jserp-result_search-card,PM,18-10-2022_10:48:24
"Analyst, Analytics & Metric",Mastercard,"Pune, Maharashtra, India",5 hours ago,https://in.linkedin.com/jobs/view/analyst-analytics-metric-at-mastercard-3316873602?refId=rOxfG%2BFD1jA6BUGeFRbiZQ%3D%3D&trackingId=PrTDASE1uDUqQh5lvpFj2Q%3D%3D&position=6&pageNum=0&trk=public_jobs_jserp-result_search-card,PM,18-10-2022_10:48:24
Business Development Associate,Guardians I India's fastest medical emergency network,"Gurugram, Haryana, India",22 hours ago,https://in.linkedin.com/jobs/view/business-development-associate-at-guardians-i-india-s-fastest-medical-emergency-network-3316086805?refId=aEdibE89jjPw4%2F7lc3DUNQ%3D%3D&trackingId=vA1BYN%2BlTwYHoQPSTxrSeg%3D%3D&position=19&pageNum=0&trk=public_jobs_jserp-result_search-card,PM,18-10-2022_10:48:24
Java Developer,Infosys,"Delhi, India",59 minutes ago,https://in.linkedin.com/jobs/view/java-developer-at-infosys-3319870855?refId=uxsITZEj9PnZ%2BbMKipviRA%3D%3D&trackingId=0UvNo7V%2BbMMVloDx7atuuQ%3D%3D&position=1&pageNum=0&trk=public_jobs_jserp-result_search-card,SD,18-10-2022_10:48:24
Java Developer,Infosys,India,49 minutes ago,https://in.linkedin.com/jobs/view/java-developer-at-infosys-3319879019?refId=uxsITZEj9PnZ%2BbMKipviRA%3D%3D&trackingId=Cybwdx3kRT5BVuxH0iEbNQ%3D%3D&position=3&pageNum=0&trk=public_jobs_jserp-result_search-card,SD,18-10-2022_10:48:24
Software Engineer,Infinite Computer Solutions,"Gurgaon, Haryana, India",6 hours ago,https://in.linkedin.com/jobs/view/software-engineer-at-infinite-computer-solutions-3316868290?refId=uxsITZEj9PnZ%2BbMKipviRA%3D%3D&trackingId=F3WvJkzMcG%2BbJAPp0Gfihw%3D%3D&position=4&pageNum=0&trk=public_jobs_jserp-result_search-card,SD,18-10-2022_10:48:24
Python Developer,IceCream Labs,"Bengaluru, Karnataka, India",19 hours ago,https://in.linkedin.com/jobs/view/python-developer-at-icecream-labs-3316439366?refId=uxsITZEj9PnZ%2BbMKipviRA%3D%3D&trackingId=zCC%2Bk5TfgOS9c8J6gR59EA%3D%3D&position=6&pageNum=0&trk=public_jobs_jserp-result_search-card,SD,18-10-2022_10:48:24
Software Engineer,Trellix,"Bengaluru, Karnataka, India",3 hours ago,https://in.linkedin.com/jobs/view/software-engineer-at-trellix-3317004072?refId=uxsITZEj9PnZ%2BbMKipviRA%3D%3D&trackingId=uupXHcogkV57f7tSng7zKQ%3D%3D&position=7&pageNum=0&trk=public_jobs_jserp-result_search-card,SD,18-10-2022_10:48:24
Software Engineer,Wipro,"Mumbai, Maharashtra, India",19 hours ago,https://in.linkedin.com/jobs/view/software-engineer-at-wipro-3316438170?refId=uxsITZEj9PnZ%2BbMKipviRA%3D%3D&trackingId=ZXlDQGNf%2BJbRzWvXlyHEgg%3D%3D&position=9&pageNum=0&trk=public_jobs_jserp-result_search-card,SD,18-10-2022_10:48:24
Software Engineer,GE Digital,"Hyderabad, Telangana, India",3 hours ago,https://in.linkedin.com/jobs/view/software-engineer-at-ge-digital-3311479736?refId=uxsITZEj9PnZ%2BbMKipviRA%3D%3D&trackingId=Ag0SrY24UvgonPOZzCoUCg%3D%3D&position=10&pageNum=0&trk=public_jobs_jserp-result_search-card,SD,18-10-2022_10:48:24
Developer,Wipro,"Mumbai, Maharashtra, India",19 hours ago,https://in.linkedin.com/jobs/view/developer-at-wipro-3316433897?refId=uxsITZEj9PnZ%2BbMKipviRA%3D%3D&trackingId=ypUR%2F1%2BKDYFaPSVio%2Fy18g%3D%3D&position=11&pageNum=0&trk=public_jobs_jserp-result_search-card,SD,18-10-2022_10:48:24
Java Developer,Infosys,"Gurugram, Haryana, India",25 minutes ago,https://in.linkedin.com/jobs/view/java-developer-at-infosys-3319886008?refId=uxsITZEj9PnZ%2BbMKipviRA%3D%3D&trackingId=uF03vHJbij7q0npdmeBzPw%3D%3D&position=12&pageNum=0&trk=public_jobs_jserp-result_search-card,SD,18-10-2022_10:48:24
Junior Software Engineer Trainee,Infoparks Kerala,"Kochi, Kerala, India",12 hours ago,https://in.linkedin.com/jobs/view/junior-software-engineer-trainee-at-infoparks-kerala-3316652688?refId=uxsITZEj9PnZ%2BbMKipviRA%3D%3D&trackingId=0G4b8tftxyex9GlxkHaxXg%3D%3D&position=13&pageNum=0&trk=public_jobs_jserp-result_search-card,SD,18-10-2022_10:48:24
Jr. UI Developer,OvalEdge,"Hyderabad, Telangana, India",9 hours ago,https://in.linkedin.com/jobs/view/jr-ui-developer-at-ovaledge-3316815119?refId=uxsITZEj9PnZ%2BbMKipviRA%3D%3D&trackingId=oA%2BUjne%2FufVGQDXdnHKSJQ%3D%3D&position=14&pageNum=0&trk=public_jobs_jserp-result_search-card,SD,18-10-2022_10:48:24
Frontend Developer,Terabits Technolab,"Surat, Gujarat, India",13 hours ago,https://in.linkedin.com/jobs/view/frontend-developer-at-terabits-technolab-3319288058?refId=uxsITZEj9PnZ%2BbMKipviRA%3D%3D&trackingId=k%2BnCT8l9IhABdUhUVPSHZw%3D%3D&position=15&pageNum=0&trk=public_jobs_jserp-result_search-card,SD,18-10-2022_10:48:24
Software Engineer.,Trellix,"Bengaluru, Karnataka, India",9 hours ago,https://in.linkedin.com/jobs/view/software-engineer-at-trellix-3316813790?refId=uxsITZEj9PnZ%2BbMKipviRA%3D%3D&trackingId=5qmKhbBNrI%2FkVBtsStcKVg%3D%3D&position=17&pageNum=0&trk=public_jobs_jserp-result_search-card,SD,18-10-2022_10:48:24
Software Engineer,Eastvantage,"Bengaluru, Karnataka, India",2 hours ago,https://in.linkedin.com/jobs/view/software-engineer-at-eastvantage-3317020232?refId=uxsITZEj9PnZ%2BbMKipviRA%3D%3D&trackingId=etUIlqXlQGCyW%2FH9TqLH8g%3D%3D&position=18&pageNum=0&trk=public_jobs_jserp-result_search-card,SD,18-10-2022_10:48:24
Software Development Engineer,Trellix,"Bengaluru, Karnataka, India",9 hours ago,https://in.linkedin.com/jobs/view/software-development-engineer-at-trellix-3316813789?refId=uxsITZEj9PnZ%2BbMKipviRA%3D%3D&trackingId=IVOvVqEd9uA9WaEB1CBMVQ%3D%3D&position=19&pageNum=0&trk=public_jobs_jserp-result_search-card,SD,18-10-2022_10:48:24
Software Engineer Intern,iTester Inc,"Hyderabad, Telangana, India",1 hour ago,https://in.linkedin.com/jobs/view/software-engineer-intern-at-itester-inc-3319855588?refId=uxsITZEj9PnZ%2BbMKipviRA%3D%3D&trackingId=La65Uv3AjiUSrB0lcASsuA%3D%3D&position=21&pageNum=0&trk=public_jobs_jserp-result_search-card,SD,18-10-2022_10:48:24
Java Developers,Infoparks Kerala,"Kochi, Kerala, India",12 hours ago,https://in.linkedin.com/jobs/view/java-developers-at-infoparks-kerala-3316665366?refId=uxsITZEj9PnZ%2BbMKipviRA%3D%3D&trackingId=YXbv3Q6qa3T20aL328Mqyg%3D%3D&position=22&pageNum=0&trk=public_jobs_jserp-result_search-card,SD,18-10-2022_10:48:24
Software Engineer,Intuitive Apps Inc.,"Bengaluru, Karnataka, India",31 minutes ago,https://in.linkedin.com/jobs/view/software-engineer-at-intuitive-apps-inc-3311488729?refId=uxsITZEj9PnZ%2BbMKipviRA%3D%3D&trackingId=rWy%2BNJ5FefWCSg35HA9x8Q%3D%3D&position=23&pageNum=0&trk=public_jobs_jserp-result_search-card,SD,18-10-2022_10:48:24
Python Developer,Infoparks Kerala,"Kochi, Kerala, India",12 hours ago,https://in.linkedin.com/jobs/view/python-developer-at-infoparks-kerala-3316657062?refId=uxsITZEj9PnZ%2BbMKipviRA%3D%3D&trackingId=VuOccLiQAtmRECjpFnsaqQ%3D%3D&position=24&pageNum=0&trk=public_jobs_jserp-result_search-card,SD,18-10-2022_10:48:24
Java Developer,SA Technologies Inc.,"Pune, Maharashtra, India",8 hours ago,https://in.linkedin.com/jobs/view/java-developer-at-sa-technologies-inc-3319599914?refId=uxsITZEj9PnZ%2BbMKipviRA%3D%3D&trackingId=btbKdQXe%2BUTVGq21%2FlpHqA%3D%3D&position=25&pageNum=0&trk=public_jobs_jserp-result_search-card,SD,18-10-2022_10:48:24
Software Engineer,Walmart Global Tech India,"Bengaluru, Karnataka, India",19 hours ago,https://in.linkedin.com/jobs/view/software-engineer-at-walmart-global-tech-india-3044698800?refId=Qulb7Lu%2BNQe1LTJbqrWIcA%3D%3D&trackingId=34TXzAvkxkfH1htdJRCB6w%3D%3D&position=1&pageNum=0&trk=public_jobs_jserp-result_search-card,SD,18-10-2022_10:48:24
Software Development Engineer - 2,Zivame,"Bangalore Urban, Karnataka, India",22 hours ago,https://in.linkedin.com/jobs/view/software-development-engineer-2-at-zivame-3318802435?refId=Qulb7Lu%2BNQe1LTJbqrWIcA%3D%3D&trackingId=LOILNthzLVyoUkB6Ga8QXA%3D%3D&position=2&pageNum=0&trk=public_jobs_jserp-result_search-card,SD,18-10-2022_10:48:24
Software Engineer I - Remote,MediaMath,"Bengaluru, Karnataka, India",7 hours ago,https://in.linkedin.com/jobs/view/software-engineer-i-remote-at-mediamath-3316853138?refId=Qulb7Lu%2BNQe1LTJbqrWIcA%3D%3D&trackingId=9YCEWtxRV8BWRjc6LSRvVw%3D%3D&position=3&pageNum=0&trk=public_jobs_jserp-result_search-card,SD,18-10-2022_10:48:24
Software Engineer,GE Digital,"Bengaluru, Karnataka, India",20 hours ago,https://in.linkedin.com/jobs/view/software-engineer-at-ge-digital-3286334943?refId=Qulb7Lu%2BNQe1LTJbqrWIcA%3D%3D&trackingId=I1qh0J29uNDQTBnkeM3RPA%3D%3D&position=4&pageNum=0&trk=public_jobs_jserp-result_search-card,SD,18-10-2022_10:48:24
Junior Software Engineer,EFI,"Bengaluru, Karnataka, India",19 hours ago,https://in.linkedin.com/jobs/view/junior-software-engineer-at-efi-3318894461?refId=Qulb7Lu%2BNQe1LTJbqrWIcA%3D%3D&trackingId=x3o6BtrQsvBO6kbpLqXE8Q%3D%3D&position=6&pageNum=0&trk=public_jobs_jserp-result_search-card,SD,18-10-2022_10:48:24
Software Engineer,Aptiv,"Bengaluru, Karnataka, India",13 hours ago,https://in.linkedin.com/jobs/view/software-engineer-at-aptiv-3319279319?refId=Qulb7Lu%2BNQe1LTJbqrWIcA%3D%3D&trackingId=Jf%2B7s2cwVgeFJ0R5%2FI90RA%3D%3D&position=10&pageNum=0&trk=public_jobs_jserp-result_search-card,SD,18-10-2022_10:48:24
Software Engineer,BTG Group,Greater Hyderabad Area,14 hours ago,https://in.linkedin.com/jobs/view/software-engineer-at-btg-group-3129946411?refId=Qulb7Lu%2BNQe1LTJbqrWIcA%3D%3D&trackingId=3zzcyOj9GDOr%2BkJoxw1htg%3D%3D&position=11&pageNum=0&trk=public_jobs_jserp-result_search-card,SD,18-10-2022_10:48:24
Software Engineer,EFI,"Bengaluru, Karnataka, India",15 hours ago,https://in.linkedin.com/jobs/view/software-engineer-at-efi-3315498818?refId=Qulb7Lu%2BNQe1LTJbqrWIcA%3D%3D&trackingId=3EwAG%2FkRTtxM9zKiUjJr3A%3D%3D&position=14&pageNum=0&trk=public_jobs_jserp-result_search-card,SD,18-10-2022_10:48:24
Software Engineer,Rayden Interactive,India,19 hours ago,https://in.linkedin.com/jobs/view/software-engineer-at-rayden-interactive-3279781076?refId=Qulb7Lu%2BNQe1LTJbqrWIcA%3D%3D&trackingId=kEops7%2BorjZhvh0w3swwHg%3D%3D&position=16&pageNum=0&trk=public_jobs_jserp-result_search-card,SD,18-10-2022_10:48:24
Engineer - QA (Freshers -2022 Graduates),"Envestnet, Inc","Thiruvananthapuram, Kerala, India",22 hours ago,https://in.linkedin.com/jobs/view/engineer-qa-freshers-2022-graduates-at-envestnet-inc-3310994052?refId=Qulb7Lu%2BNQe1LTJbqrWIcA%3D%3D&trackingId=82HrO9iQgKPkyrQmvelnmg%3D%3D&position=19&pageNum=0&trk=public_jobs_jserp-result_search-card,SD,18-10-2022_10:48:24
Software Engineer,Cognizant,"Pune, Maharashtra, India",18 hours ago,https://in.linkedin.com/jobs/view/software-engineer-at-cognizant-3318940085?refId=Qulb7Lu%2BNQe1LTJbqrWIcA%3D%3D&trackingId=rosaOfMe8PqCNmRKAbtDkw%3D%3D&position=20&pageNum=0&trk=public_jobs_jserp-result_search-card,SD,18-10-2022_10:48:24
Software Engineer I (Backend),Helpshift,"Pune, Maharashtra, India",15 hours ago,https://in.linkedin.com/jobs/view/software-engineer-i-backend-at-helpshift-3316496941?refId=Qulb7Lu%2BNQe1LTJbqrWIcA%3D%3D&trackingId=AHVU8pF%2BOjC%2BuJWW9cEQPA%3D%3D&position=21&pageNum=0&trk=public_jobs_jserp-result_search-card,SD,18-10-2022_10:48:24
Software Engineer - Multiple Locations,Optum,"Bengaluru, Karnataka, India",12 hours ago,https://in.linkedin.com/jobs/view/software-engineer-multiple-locations-at-optum-3319281023?refId=Qulb7Lu%2BNQe1LTJbqrWIcA%3D%3D&trackingId=aTpc%2BVIbIjGNu%2FO9SuUD4w%3D%3D&position=22&pageNum=0&trk=public_jobs_jserp-result_search-card,SD,18-10-2022_10:48:24
Java Developer,Virtusa,"Hyderabad, Telangana, India",16 hours ago,https://in.linkedin.com/jobs/view/java-developer-at-virtusa-3311417635?refId=Qulb7Lu%2BNQe1LTJbqrWIcA%3D%3D&trackingId=93p%2B7FaS0wvXnTAKIr0muQ%3D%3D&position=24&pageNum=0&trk=public_jobs_jserp-result_search-card,SD,18-10-2022_10:48:24
Jr Java Developer,HTC Global Services,India,19 hours ago,https://in.linkedin.com/jobs/view/jr-java-developer-at-htc-global-services-3316434111?refId=Qulb7Lu%2BNQe1LTJbqrWIcA%3D%3D&trackingId=AS40vAa6hSKEInbf4mEBnQ%3D%3D&position=25&pageNum=0&trk=public_jobs_jserp-result_search-card,SD,18-10-2022_10:48:24
Software Developer,SoftTech Engineers Ltd,"Pune, Maharashtra, India",Just now,https://in.linkedin.com/jobs/view/software-developer-at-softtech-engineers-ltd-3311495054?refId=KI70mK5bzzGzTd0PGSVuNA%3D%3D&trackingId=b6dcbXjzrx4qFJBuTemc%2Fw%3D%3D&position=7&pageNum=0&trk=public_jobs_jserp-result_search-card,SD,18-10-2022_10:48:24
System Engineer,Wipro,"Mumbai, Maharashtra, India",23 hours ago,https://in.linkedin.com/jobs/view/system-engineer-at-wipro-3316087024?refId=lo2VVNsoMTInVyf2Nl85CQ%3D%3D&trackingId=xtVyQpd14C0ShE51og7iYA%3D%3D&position=2&pageNum=0&trk=public_jobs_jserp-result_search-card,SD,18-10-2022_10:48:24
Test Engineer,Wipro,"Bengaluru, Karnataka, India",17 hours ago,https://in.linkedin.com/jobs/view/test-engineer-at-wipro-3316470591?refId=lo2VVNsoMTInVyf2Nl85CQ%3D%3D&trackingId=CFN08hNQnqj75ZFwxx7E%2Bg%3D%3D&position=4&pageNum=0&trk=public_jobs_jserp-result_search-card,SD,18-10-2022_10:48:24
Test Engineer,Wipro,"Mumbai, Maharashtra, India",21 hours ago,https://in.linkedin.com/jobs/view/test-engineer-at-wipro-3316414357?refId=lo2VVNsoMTInVyf2Nl85CQ%3D%3D&trackingId=AsJaxCgTwTSz7b0VnNE46g%3D%3D&position=6&pageNum=0&trk=public_jobs_jserp-result_search-card,SD,18-10-2022_10:48:24
"Software Developer - Java ,HTML, Microservices springboot",CGI,"Bengaluru, Karnataka, India",13 hours ago,https://in.linkedin.com/jobs/view/software-developer-java-html-microservices-springboot-at-cgi-3319269788?refId=lo2VVNsoMTInVyf2Nl85CQ%3D%3D&trackingId=u%2BVpE2ghHEVym4wzlfwGew%3D%3D&position=10&pageNum=0&trk=public_jobs_jserp-result_search-card,SD,18-10-2022_10:48:24
Associate DevOps Engineer (Remote),Nuclei,"Bengaluru, Karnataka, India",7 hours ago,https://in.linkedin.com/jobs/view/associate-devops-engineer-remote-at-nuclei-3319714659?refId=lo2VVNsoMTInVyf2Nl85CQ%3D%3D&trackingId=VK%2By6PxzvP0k%2BPcSoh0dNQ%3D%3D&position=12&pageNum=0&trk=public_jobs_jserp-result_search-card,SD,18-10-2022_10:48:24
ETL-SSIS Developer,CGI,"Bengaluru, Karnataka, India",13 hours ago,https://in.linkedin.com/jobs/view/etl-ssis-developer-at-cgi-3319267791?refId=lo2VVNsoMTInVyf2Nl85CQ%3D%3D&trackingId=v5Gbl%2FXCupK7MSnjputKng%3D%3D&position=14&pageNum=0&trk=public_jobs_jserp-result_search-card,SD,18-10-2022_10:48:24
System Engineer,Wipro,"Chennai, Tamil Nadu, India",22 hours ago,https://in.linkedin.com/jobs/view/system-engineer-at-wipro-3316091087?refId=lo2VVNsoMTInVyf2Nl85CQ%3D%3D&trackingId=%2F936hh5N2XJJSTRo2jRZow%3D%3D&position=15&pageNum=0&trk=public_jobs_jserp-result_search-card,SD,18-10-2022_10:48:24
Software Developer,Kyndryl India,"Bangalore Urban district, Karnataka, India",11 hours ago,https://in.linkedin.com/jobs/view/software-developer-at-kyndryl-india-3314563743?refId=lo2VVNsoMTInVyf2Nl85CQ%3D%3D&trackingId=Ku1kUI3QrMdhwbrZErU0XA%3D%3D&position=16&pageNum=0&trk=public_jobs_jserp-result_search-card,SD,18-10-2022_10:48:24
Java Development Internship in Bangalore at PlugO,Plugo,"Bengaluru, Karnataka, India",16 hours ago,https://in.linkedin.com/jobs/view/java-development-internship-in-bangalore-at-plugo-at-plugo-3319230385?refId=lo2VVNsoMTInVyf2Nl85CQ%3D%3D&trackingId=bGSVZ1twS0Doic94F204Kg%3D%3D&position=19&pageNum=0&trk=public_jobs_jserp-result_search-card,SD,18-10-2022_10:48:24
Web Development Internship in Indore at AccessAI,accessai,"Indore, Madhya Pradesh, India",16 hours ago,https://in.linkedin.com/jobs/view/web-development-internship-in-indore-at-accessai-at-accessai-3319231336?refId=lo2VVNsoMTInVyf2Nl85CQ%3D%3D&trackingId=90fFhq3Ws5KYA7OyofoPyg%3D%3D&position=20&pageNum=0&trk=public_jobs_jserp-result_search-card,SD,18-10-2022_10:48:24
Java Full Stack,Federal Soft Systems Inc.,"Pune, Maharashtra, India",15 hours ago,https://in.linkedin.com/jobs/view/java-full-stack-at-federal-soft-systems-inc-3316614417?refId=lo2VVNsoMTInVyf2Nl85CQ%3D%3D&trackingId=4BXDWe68bHGWXUweT6Nlsw%3D%3D&position=21&pageNum=0&trk=public_jobs_jserp-result_search-card,SD,18-10-2022_10:48:24
ThreeJS Developer,Cyberium Inc,"Pune, Maharashtra, India",16 hours ago,https://in.linkedin.com/jobs/view/threejs-developer-at-cyberium-inc-3316487526?refId=lo2VVNsoMTInVyf2Nl85CQ%3D%3D&trackingId=2UWrCzOHB0GjNGZtCewf4A%3D%3D&position=24&pageNum=0&trk=public_jobs_jserp-result_search-card,SD,18-10-2022_10:48:24
Junior Java Developer,Kyndryl India,Greater Kolkata Area,11 hours ago,https://in.linkedin.com/jobs/view/junior-java-developer-at-kyndryl-india-3319235540?refId=lo2VVNsoMTInVyf2Nl85CQ%3D%3D&trackingId=QPMTq5C27lXLe%2F%2FXVuvowQ%3D%3D&position=25&pageNum=0&trk=public_jobs_jserp-result_search-card,SD,18-10-2022_10:48:24
DevOps Engineer || Kolkata Location Only,PwC India,"Kolkata, West Bengal, India",21 hours ago,https://in.linkedin.com/jobs/view/devops-engineer-kolkata-location-only-at-pwc-india-3316400955?refId=KMYlsaV6zd028gBerVMYEg%3D%3D&trackingId=gTEQTzbeTqUNZvElSkK%2FjQ%3D%3D&position=11&pageNum=0&trk=public_jobs_jserp-result_search-card,SD,18-10-2022_10:48:24
React JS Developer,Infosys,"Bengaluru, Karnataka, India",19 hours ago,https://in.linkedin.com/jobs/view/react-js-developer-at-infosys-3150153384?refId=KMYlsaV6zd028gBerVMYEg%3D%3D&trackingId=kL8bU1SJW8d0MfkM7KbOkw%3D%3D&position=13&pageNum=0&trk=public_jobs_jserp-result_search-card,SD,18-10-2022_10:48:24
React JS Developer,Infosys,"Pune, Maharashtra, India",17 hours ago,https://in.linkedin.com/jobs/view/react-js-developer-at-infosys-3150153385?refId=KMYlsaV6zd028gBerVMYEg%3D%3D&trackingId=ihrFLIYdED6V1kR0cBX%2Fvg%3D%3D&position=14&pageNum=0&trk=public_jobs_jserp-result_search-card,SD,18-10-2022_10:48:24
Aws,PwC India,"New Delhi, Delhi, India",21 hours ago,https://in.linkedin.com/jobs/view/aws-at-pwc-india-3316098679?refId=KMYlsaV6zd028gBerVMYEg%3D%3D&trackingId=lfNVfz3Ry8vMAUVseZ6LkA%3D%3D&position=15&pageNum=0&trk=public_jobs_jserp-result_search-card,SD,18-10-2022_10:48:24
Software Engineer Full Stack,Walmart Global Tech India,"Chennai, Tamil Nadu, India",11 hours ago,https://in.linkedin.com/jobs/view/software-engineer-full-stack-at-walmart-global-tech-india-3319343512?refId=KMYlsaV6zd028gBerVMYEg%3D%3D&trackingId=3sUVmiG3Dd%2F6pKjICRdcXw%3D%3D&position=16&pageNum=0&trk=public_jobs_jserp-result_search-card,SD,18-10-2022_10:48:24
.Net + React JS -Kolkata Location,PwC India,"Kolkata, West Bengal, India",40 minutes ago,https://in.linkedin.com/jobs/view/net-%2B-react-js-kolkata-location-at-pwc-india-3311491111?refId=KMYlsaV6zd028gBerVMYEg%3D%3D&trackingId=Fwa%2FZM6Pc6HKIr9GmxIVVw%3D%3D&position=25&pageNum=0&trk=public_jobs_jserp-result_search-card,SD,18-10-2022_10:48:24
Python Developer,Deltacubes,India,1 minute ago,https://in.linkedin.com/jobs/view/python-developer-at-deltacubes-3311492290?refId=qilLb4dgDpjKgccqcgferg%3D%3D&trackingId=aBRkz%2Bptmz%2BvMBecXNlYcg%3D%3D&position=25&pageNum=0&trk=public_jobs_jserp-result_search-card,SD,18-10-2022_10:48:24
Software Engineer,"Barnstorm Agtech, Inc.","Pune, Maharashtra, India",7 hours ago,https://in.linkedin.com/jobs/view/software-engineer-at-barnstorm-agtech-inc-3316843966?refId=0DBmsuTz%2BFfb3Ccc%2BwSpWg%3D%3D&trackingId=mJssrsc%2BPgsLTqel2dqKDQ%3D%3D&position=25&pageNum=0&trk=public_jobs_jserp-result_search-card,SD,18-10-2022_10:48:24
